id,slug,commonName,scientificName,taxonGroup,endemic,conservationStatus,fluRisk,fluStatus,fluStatusUpdatedAt,regions,bio,endemicVerified,endemicSourceUrl,conservationStatusVerified,conservationStatusSourceUrl,fluRiskVerified,fluRiskSourceUrl,researchStatus
1,little-penguin,Little Penguin,Eudyptula minor,bird,,,very_high,,,,,FALSE,,FALSE,,TRUE,https://www.dcceew.gov.au/sites/default/files/documents/national-risk-scores-h5-bird-flu-native-birds-mammals.pdf,not_started
2,black-swan,Black Swan,Cygnus atratus,bird,,,very_high,,,,,FALSE,,FALSE,,TRUE,https://www.dcceew.gov.au/sites/default/files/documents/national-risk-scores-h5-bird-flu-native-birds-mammals.pdf,not_started
3,greater-crested-tern,Greater Crested Tern,Thalasseus bergii,bird,,,high,,,,,FALSE,,FALSE,,FALSE,,not_started
4,australian-sea-lion,Australian Sea Lion,Neophoca cinerea,seal_sea_lion,,,very_high,,,,,FALSE,,FALSE,,TRUE,https://www.dcceew.gov.au/sites/default/files/documents/national-risk-scores-h5-bird-flu-native-birds-mammals.pdf,not_started
5,christmas-island-frigatebird,Christmas Island Frigatebird,Fregata andrewsi,bird,,,extreme,,,,,FALSE,,FALSE,,TRUE,https://www.dcceew.gov.au/sites/default/files/documents/national-risk-scores-h5-bird-flu-native-birds-mammals.pdf,not_started
6,abbotts-booby,Abbott's Booby,Papasula abbotti,bird,,,high,,,,,FALSE,,FALSE,,TRUE,https://www.dcceew.gov.au/sites/default/files/documents/national-risk-scores-h5-bird-flu-native-birds-mammals.pdf,not_started
7,australasian-bittern,Australasian Bittern,Botaurus poiciloptilus,bird,,,high,,,,,FALSE,,FALSE,,FALSE,,not_started
8,australasian-gannet,Australasian Gannet,Morus serrator,bird,,,very_high,,,,,FALSE,,FALSE,,TRUE,https://www.dcceew.gov.au/sites/default/files/documents/national-risk-scores-h5-bird-flu-native-birds-mammals.pdf,not_started
9,australian-fur-seal,Australian Fur Seal,Arctocephalus pusillus doriferus,seal_sea_lion,,,high,,,,,FALSE,,FALSE,,FALSE,,not_started
10,australian-pelican,Australian Pelican,Pelecanus conspicillatus,bird,,,very_high,,,,,FALSE,,FALSE,,TRUE,https://www.dcceew.gov.au/sites/default/files/documents/national-risk-scores-h5-bird-flu-native-birds-mammals.pdf,not_started
11,baudins-black-cockatoo,Baudin's Black Cockatoo,Zanda baudinii,bird,,,medium,,,,,FALSE,,FALSE,,FALSE,,not_started
12,blue-billed-duck,Blue-billed Duck,Oxyura australis,bird,,,high,,,,,FALSE,,FALSE,,TRUE,https://www.dcceew.gov.au/sites/default/files/documents/national-risk-scores-h5-bird-flu-native-birds-mammals.pdf,not_started
13,brush-tailed-rock-wallaby,Brush-tailed Rock-wallaby,Petrogale penicillata,mammal,,,low,,,,,FALSE,,FALSE,,FALSE,,not_started
14,carnabys-black-cockatoo,Carnaby's Black Cockatoo,Zanda latirostris,bird,,,medium,,,,,FALSE,,FALSE,,FALSE,,not_started
15,central-rock-rat,Central Rock-rat,Zyzomys pedunculatus,mammal,,,low,,,,,FALSE,,FALSE,,FALSE,,not_started
16,dingo-warragul,Dingo / Warragul,Canis dingo,mammal,,,medium,,,,,FALSE,,FALSE,,FALSE,,not_started
17,eastern-barred-bandicoot,Eastern Barred Bandicoot,Perameles gunnii,mammal,,,low,,,,,FALSE,,FALSE,,FALSE,,not_started
18,eastern-bristlebird,Eastern Bristlebird,Dasyornis brachypterus,bird,,,medium,,,,,FALSE,,FALSE,,FALSE,,not_started
19,eastern-quoll,Eastern Quoll,Dasyurus viverrinus,mammal,,,medium,,,,,FALSE,,FALSE,,FALSE,,not_started
20,far-eastern-curlew,Far Eastern Curlew,Numenius madagascariensis,bird,,,high,,,,,FALSE,,FALSE,,FALSE,,not_started
21,greater-bilby,Greater Bilby,Macrotis lagotis,mammal,,,low,,,,,FALSE,,FALSE,,FALSE,,not_started
22,greater-stick-nest-rat,Greater Stick-nest Rat,Leporillus conditor,mammal,,,low,,,,,FALSE,,FALSE,,FALSE,,not_started
23,helmeted-honeyeater,Helmeted Honeyeater,Lichenostomus melanops cassidix,bird,,,high,,,,,FALSE,,FALSE,,FALSE,,not_started
24,leadbeaters-possum,Leadbeater's Possum,Gymnobelideus leadbeateri,mammal,,,low,,,,,FALSE,,FALSE,,FALSE,,not_started
25,magpie-goose,Magpie Goose,Anseranas semipalmata,bird,,,high,,,,,FALSE,,FALSE,,FALSE,,not_started
26,mala-rufous-hare-wallaby,Mala (Rufous Hare-wallaby),Lagorchestes hirsutus,mammal,,,low,,,,,FALSE,,FALSE,,FALSE,,not_started
27,mallee-emu-wren,Mallee Emu-wren,Stipiturus mallee,bird,,,low,,,,,FALSE,,FALSE,,FALSE,,not_started
28,mountain-pygmy-possum,Mountain Pygmy-possum,Burramys parvus,mammal,,,low,,,,,FALSE,,FALSE,,FALSE,,not_started
29,new-holland-mouse,New Holland Mouse,Pseudomys novaehollandiae,mammal,,,low,,,,,FALSE,,FALSE,,FALSE,,not_started
30,new-zealand-fur-seal,New Zealand Fur Seal,Arctocephalus forsteri,seal_sea_lion,,,very_high,,,,,FALSE,,FALSE,,TRUE,https://www.dcceew.gov.au/sites/default/files/documents/national-risk-scores-h5-bird-flu-native-birds-mammals.pdf,not_started
31,numbat,Numbat,Myrmecobius fasciatus,mammal,,,low,,,,,FALSE,,FALSE,,FALSE,,not_started
32,orange-bellied-parrot,Orange-bellied Parrot,Neophema chrysogaster,bird,,,high,,,,,FALSE,,FALSE,,FALSE,,not_started
33,parma-wallaby,Parma Wallaby,Notamacropus parma,mammal,,,low,,,,,FALSE,,FALSE,,FALSE,,not_started
34,plains-wanderer,Plains-wanderer,Pedionomus torquatus,bird,,,medium,,,,,FALSE,,FALSE,,FALSE,,not_started
35,platypus,Platypus,Ornithorhynchus anatinus,mammal,,,low,,,,,FALSE,,FALSE,,FALSE,,not_started
36,quokka,Quokka,Setonix brachyurus,mammal,,,medium,,,,,FALSE,,FALSE,,FALSE,,not_started
37,rakali-water-rat,Rakali (Water-rat),Hydromys chrysogaster,mammal,,,medium,,,,,FALSE,,FALSE,,FALSE,,not_started
38,recherche-cape-barren-goose,Recherche Cape Barren Goose,Cereopsis novaehollandiae hollandiaegregis,bird,,,high,,,,,FALSE,,FALSE,,FALSE,,not_started
39,red-tailed-phascogale,Red-tailed Phascogale,Phascogale calura,mammal,,,low,,,,,FALSE,,FALSE,,FALSE,,not_started
40,regent-honeyeater,Regent Honeyeater,Anthochaera phrygia,bird,,,high,,,,,FALSE,,FALSE,,FALSE,,not_started
41,short-tailed-shearwater,Short-tailed Shearwater,Puffinus tenuirostris,bird,,,very_high,,,,,FALSE,,FALSE,,TRUE,https://www.dcceew.gov.au/sites/default/files/documents/national-risk-scores-h5-bird-flu-native-birds-mammals.pdf,not_started
42,shy-albatross,Shy Albatross,Thalassarche cauta,bird,,,high,,,,,FALSE,,FALSE,,TRUE,https://www.dcceew.gov.au/sites/default/files/documents/national-risk-scores-h5-bird-flu-native-birds-mammals.pdf,not_started
43,smoky-mouse,Smoky Mouse,Pseudomys fumeus,mammal,,,low,,,,,FALSE,,FALSE,,FALSE,,not_started
44,southern-brown-bandicoot,Southern Brown Bandicoot,Isoodon obesulus,mammal,,,low,,,,,FALSE,,FALSE,,FALSE,,not_started
45,spotted-tailed-quoll,Spotted-tailed Quoll,Dasyurus maculatus,mammal,,,medium,,,,,FALSE,,FALSE,,FALSE,,not_started
46,subantarctic-fur-seal,Subantarctic Fur Seal,Arctocephalus tropicalis,seal_sea_lion,,,very_high,,,,,FALSE,,FALSE,,TRUE,https://www.dcceew.gov.au/sites/default/files/documents/national-risk-scores-h5-bird-flu-native-birds-mammals.pdf,not_started
47,swift-parrot,Swift Parrot,Lathamus discolor,bird,,,high,,,,,FALSE,,FALSE,,FALSE,,not_started
48,tasmanian-devil,Tasmanian Devil,Sarcophilus harrisii,mammal,,,high,,,,,FALSE,,FALSE,,TRUE,https://www.dcceew.gov.au/sites/default/files/documents/national-risk-scores-h5-bird-flu-native-birds-mammals.pdf,not_started
49,tasmanian-masked-owl,Tasmanian Masked Owl,Tyto novaehollandiae castanops,bird,,,medium,,,,,FALSE,,FALSE,,FALSE,,not_started
50,tasmanian-wedge-tailed-eagle,Tasmanian Wedge-tailed Eagle,Aquila audax fleayi,bird,,,high,,,,,FALSE,,FALSE,,FALSE,,not_started
51,wedge-tailed-eagle,Wedge-tailed Eagle,Aquila audax,bird,,,high,,,,,FALSE,,FALSE,,TRUE,https://www.dcceew.gov.au/sites/default/files/documents/national-risk-scores-h5-bird-flu-native-birds-mammals.pdf,not_started
52,western-ground-parrot,Western Ground Parrot,Pezoporus flaviventris,bird,,,high,,,,,FALSE,,FALSE,,FALSE,,not_started
53,anous-tenuirostris-melanops,Houtman Abrolhos Lesser Noddy,Anous tenuirostris melanops,bird,,,very_high,,,,,FALSE,,FALSE,,TRUE,https://www.dcceew.gov.au/sites/default/files/documents/national-risk-scores-h5-bird-flu-native-birds-mammals.pdf,not_started
54,pterodroma-heraldica,Herald Petrel,Pterodroma heraldica,bird,,,very_high,,,,,FALSE,,FALSE,,TRUE,https://www.dcceew.gov.au/sites/default/files/documents/national-risk-scores-h5-bird-flu-native-birds-mammals.pdf,not_started
55,leucocarbo-atriceps-nivalis,"Imperial Shag (Heard Island), Heard Shag",Leucocarbo atriceps nivalis,bird,,,very_high,,,,,FALSE,,FALSE,,TRUE,https://www.dcceew.gov.au/sites/default/files/documents/national-risk-scores-h5-bird-flu-native-birds-mammals.pdf,not_started
56,leucocarbo-atriceps-purpurascens,Imperial Shag (Macquarie Island),Leucocarbo atriceps purpurascens,bird,,,very_high,,,,,FALSE,,FALSE,,TRUE,https://www.dcceew.gov.au/sites/default/files/documents/national-risk-scores-h5-bird-flu-native-birds-mammals.pdf,not_started
57,stenella-longirostris,Long-snouted Spinner Dolphin,Stenella longirostris,mammal,,,high,,,,,FALSE,,FALSE,,TRUE,https://www.dcceew.gov.au/sites/default/files/documents/national-risk-scores-h5-bird-flu-native-birds-mammals.pdf,not_started
58,steno-bredanensis,Rough-toothed Dolphin,Steno bredanensis,mammal,,,high,,,,,FALSE,,FALSE,,TRUE,https://www.dcceew.gov.au/sites/default/files/documents/national-risk-scores-h5-bird-flu-native-birds-mammals.pdf,not_started
59,lagenodelphis-hosei,Fraser's Dolphin,Lagenodelphis hosei,mammal,,,high,,,,,FALSE,,FALSE,,TRUE,https://www.dcceew.gov.au/sites/default/files/documents/national-risk-scores-h5-bird-flu-native-birds-mammals.pdf,not_started
60,lagenorhynchus-cruciger,Hourglass Dolphin,Lagenorhynchus cruciger,mammal,,,high,,,,,FALSE,,FALSE,,TRUE,https://www.dcceew.gov.au/sites/default/files/documents/national-risk-scores-h5-bird-flu-native-birds-mammals.pdf,not_started
61,lissodelphis-peronii,Southern Right Whale Dolphin,Lissodelphis peronii,mammal,,,high,,,,,FALSE,,FALSE,,TRUE,https://www.dcceew.gov.au/sites/default/files/documents/national-risk-scores-h5-bird-flu-native-birds-mammals.pdf,not_started
62,peponocephala-electra,Melon-headed Whale,Peponocephala electra,mammal,,,high,,,,,FALSE,,FALSE,,TRUE,https://www.dcceew.gov.au/sites/default/files/documents/national-risk-scores-h5-bird-flu-native-birds-mammals.pdf,not_started
63,stenella-attenuata,Pantropical Spotted Dolphin,Stenella attenuata,mammal,,,high,,,,,FALSE,,FALSE,,TRUE,https://www.dcceew.gov.au/sites/default/files/documents/national-risk-scores-h5-bird-flu-native-birds-mammals.pdf,not_started
64,stenella-coeruleoalba,Striped Dolphin,Stenella coeruleoalba,mammal,,,high,,,,,FALSE,,FALSE,,TRUE,https://www.dcceew.gov.au/sites/default/files/documents/national-risk-scores-h5-bird-flu-native-birds-mammals.pdf,not_started
65,delphinus-delphis,Common Dolphin,Delphinus delphis,mammal,,,very_high,,,,,FALSE,,FALSE,,TRUE,https://www.dcceew.gov.au/sites/default/files/documents/national-risk-scores-h5-bird-flu-native-birds-mammals.pdf,not_started
66,feresa-attenuata,Pygmy Killer Whale,Feresa attenuata,mammal,,,high,,,,,FALSE,,FALSE,,TRUE,https://www.dcceew.gov.au/sites/default/files/documents/national-risk-scores-h5-bird-flu-native-birds-mammals.pdf,not_started
67,tursiops-truncatus,Bottlenose Dolphin,Tursiops truncatus,mammal,,,high,,,,,FALSE,,FALSE,,TRUE,https://www.dcceew.gov.au/sites/default/files/documents/national-risk-scores-h5-bird-flu-native-birds-mammals.pdf,not_started
68,cisticola-juncidis-normani,Normanton Zitting Cisticola,Cisticola juncidis normani,bird,,,high,,,,,FALSE,,FALSE,,TRUE,https://www.dcceew.gov.au/sites/default/files/documents/national-risk-scores-h5-bird-flu-native-birds-mammals.pdf,not_started
69,phalacrocorax-carbo,Great Cormorant,Phalacrocorax carbo,bird,,,very_high,,,,,FALSE,,FALSE,,TRUE,https://www.dcceew.gov.au/sites/default/files/documents/national-risk-scores-h5-bird-flu-native-birds-mammals.pdf,not_started
70,phalacrocorax-carbo-novaehollandiae,Great Cormorant,Phalacrocorax carbo novaehollandiae,bird,,,very_high,,,,,FALSE,,FALSE,,TRUE,https://www.dcceew.gov.au/sites/default/files/documents/national-risk-scores-h5-bird-flu-native-birds-mammals.pdf,not_started
71,phalacrocorax-varius,Pied Cormorant,Phalacrocorax varius,bird,,,very_high,,,,,FALSE,,FALSE,,TRUE,https://www.dcceew.gov.au/sites/default/files/documents/national-risk-scores-h5-bird-flu-native-birds-mammals.pdf,not_started
72,phalacrocorax-varius-hypoleucos,Australian Pied Cormorant,Phalacrocorax varius hypoleucos,bird,,,very_high,,,,,FALSE,,FALSE,,TRUE,https://www.dcceew.gov.au/sites/default/files/documents/national-risk-scores-h5-bird-flu-native-birds-mammals.pdf,not_started
73,phalacrocorax-sulcirostris,Little Black Cormorant,Phalacrocorax sulcirostris,bird,,,very_high,,,,,FALSE,,FALSE,,TRUE,https://www.dcceew.gov.au/sites/default/files/documents/national-risk-scores-h5-bird-flu-native-birds-mammals.pdf,not_started
74,microcarbo-melanoleucos,Little Pied Cormorant,Microcarbo melanoleucos,bird,,,very_high,,,,,FALSE,,FALSE,,TRUE,https://www.dcceew.gov.au/sites/default/files/documents/national-risk-scores-h5-bird-flu-native-birds-mammals.pdf,not_started
75,microcarbo-melanoleucos-melanoleucos,Australasian Little Pied Cormorant,Microcarbo melanoleucos melanoleucos,bird,,,very_high,,,,,FALSE,,FALSE,,TRUE,https://www.dcceew.gov.au/sites/default/files/documents/national-risk-scores-h5-bird-flu-native-birds-mammals.pdf,not_started
76,tribonyx-ventralis,Black-tailed Native-hen,Tribonyx ventralis,bird,,,very_high,,,,,FALSE,,FALSE,,TRUE,https://www.dcceew.gov.au/sites/default/files/documents/national-risk-scores-h5-bird-flu-native-birds-mammals.pdf,not_started
77,antigone-rubicunda,Brolga,Antigone rubicunda,bird,,,very_high,,,,,FALSE,,FALSE,,TRUE,https://www.dcceew.gov.au/sites/default/files/documents/national-risk-scores-h5-bird-flu-native-birds-mammals.pdf,not_started
78,corvus-tasmanicus,Forest Raven,Corvus tasmanicus,bird,,,high,,,,,FALSE,,FALSE,,TRUE,https://www.dcceew.gov.au/sites/default/files/documents/national-risk-scores-h5-bird-flu-native-birds-mammals.pdf,not_started
79,anous-albivitta-albivitta,Western Pacific Grey Noddy,Anous albivitta albivitta,bird,,,high,,,,,FALSE,,FALSE,,TRUE,https://www.dcceew.gov.au/sites/default/files/documents/national-risk-scores-h5-bird-flu-native-birds-mammals.pdf,not_started
80,spatula-rhynchotis,Australasian Shoveler,Spatula rhynchotis,bird,,,very_high,,,,,FALSE,,FALSE,,TRUE,https://www.dcceew.gov.au/sites/default/files/documents/national-risk-scores-h5-bird-flu-native-birds-mammals.pdf,not_started
81,cereopsis-novaehollandiae,Cape Barren Goose,Cereopsis novaehollandiae,bird,,,high,,,,,FALSE,,FALSE,,TRUE,https://www.dcceew.gov.au/sites/default/files/documents/national-risk-scores-h5-bird-flu-native-birds-mammals.pdf,not_started
82,cereopsis-novaehollandiae-novaehollandiae,Eastern Cape Barren Goose,Cereopsis novaehollandiae novaehollandiae,bird,,,high,,,,,FALSE,,FALSE,,TRUE,https://www.dcceew.gov.au/sites/default/files/documents/national-risk-scores-h5-bird-flu-native-birds-mammals.pdf,not_started
83,anas-eatoni,Eaton's pintail,Anas eatoni,bird,,,high,,,,,FALSE,,FALSE,,TRUE,https://www.dcceew.gov.au/sites/default/files/documents/national-risk-scores-h5-bird-flu-native-birds-mammals.pdf,not_started
84,spatula-querquedula,Garganey,Spatula querquedula,bird,,,high,,,,,FALSE,,FALSE,,TRUE,https://www.dcceew.gov.au/sites/default/files/documents/national-risk-scores-h5-bird-flu-native-birds-mammals.pdf,not_started
85,anas-gracilis,Grey Teal,Anas gracilis,bird,,,very_high,,,,,FALSE,,FALSE,,TRUE,https://www.dcceew.gov.au/sites/default/files/documents/national-risk-scores-h5-bird-flu-native-birds-mammals.pdf,not_started
86,anas-gracilis-gracilis,Anas gracilis gracilis,Anas gracilis gracilis,bird,,,very_high,,,,,FALSE,,FALSE,,TRUE,https://www.dcceew.gov.au/sites/default/files/documents/national-risk-scores-h5-bird-flu-native-birds-mammals.pdf,not_started
87,aythya-australis,Hardhead,Aythya australis,bird,,,very_high,,,,,FALSE,,FALSE,,TRUE,https://www.dcceew.gov.au/sites/default/files/documents/national-risk-scores-h5-bird-flu-native-birds-mammals.pdf,not_started
88,biziura-lobata,Musk Duck,Biziura lobata,bird,,,very_high,,,,,FALSE,,FALSE,,TRUE,https://www.dcceew.gov.au/sites/default/files/documents/national-risk-scores-h5-bird-flu-native-birds-mammals.pdf,not_started
89,biziura-lobata-lobata,Musk Duck,Biziura lobata lobata,bird,,,very_high,,,,,FALSE,,FALSE,,TRUE,https://www.dcceew.gov.au/sites/default/files/documents/national-risk-scores-h5-bird-flu-native-birds-mammals.pdf,not_started
90,biziura-lobata-menziesi,Musk Duck,Biziura lobata menziesi,bird,,,very_high,,,,,FALSE,,FALSE,,TRUE,https://www.dcceew.gov.au/sites/default/files/documents/national-risk-scores-h5-bird-flu-native-birds-mammals.pdf,not_started
91,malacorhynchus-membranaceus,Pink-eared Duck,Malacorhynchus membranaceus,bird,,,very_high,,,,,FALSE,,FALSE,,TRUE,https://www.dcceew.gov.au/sites/default/files/documents/national-risk-scores-h5-bird-flu-native-birds-mammals.pdf,not_started
92,dendrocygna-eytoni,Plumed Whistling-Duck,Dendrocygna eytoni,bird,,,very_high,,,,,FALSE,,FALSE,,TRUE,https://www.dcceew.gov.au/sites/default/files/documents/national-risk-scores-h5-bird-flu-native-birds-mammals.pdf,not_started
93,dendrocygna-guttata,Spotted Whistling-Duck,Dendrocygna guttata,bird,,,very_high,,,,,FALSE,,FALSE,,TRUE,https://www.dcceew.gov.au/sites/default/files/documents/national-risk-scores-h5-bird-flu-native-birds-mammals.pdf,not_started
94,dendrocygna-arcuata-australis,Torresian Wandering Whistling-Duck,Dendrocygna arcuata australis,bird,,,very_high,,,,,FALSE,,FALSE,,TRUE,https://www.dcceew.gov.au/sites/default/files/documents/national-risk-scores-h5-bird-flu-native-birds-mammals.pdf,not_started
95,elanus-scriptus,Letter-winged Kite,Elanus scriptus,bird,,,high,,,,,FALSE,,FALSE,,TRUE,https://www.dcceew.gov.au/sites/default/files/documents/national-risk-scores-h5-bird-flu-native-birds-mammals.pdf,not_started
96,dromaius-baudinianus,Kangaroo Island Emu,Dromaius baudinianus,bird,,,high,,,,,FALSE,,FALSE,,TRUE,https://www.dcceew.gov.au/sites/default/files/documents/national-risk-scores-h5-bird-flu-native-birds-mammals.pdf,not_started
97,dromaius-minor,King Island Emu,Dromaius minor,bird,,,high,,,,,FALSE,,FALSE,,TRUE,https://www.dcceew.gov.au/sites/default/files/documents/national-risk-scores-h5-bird-flu-native-birds-mammals.pdf,not_started
98,fregata-ariel-ariel,Indo-Pacific Lesser Frigatebird,Fregata ariel ariel,bird,,,high,,,,,FALSE,,FALSE,,TRUE,https://www.dcceew.gov.au/sites/default/files/documents/national-risk-scores-h5-bird-flu-native-birds-mammals.pdf,not_started
99,sula-sula-rubripes,Indo-Pacific Red-footed Booby,Sula sula rubripes,bird,,,very_high,,,,,FALSE,,FALSE,,TRUE,https://www.dcceew.gov.au/sites/default/files/documents/national-risk-scores-h5-bird-flu-native-birds-mammals.pdf,not_started
100,anous-minutus-minutus,Indo-Pacific Black Noddy,Anous minutus minutus,bird,,,very_high,,,,,FALSE,,FALSE,,TRUE,https://www.dcceew.gov.au/sites/default/files/documents/national-risk-scores-h5-bird-flu-native-birds-mammals.pdf,not_started
101,sterna-sumatrana-sumatrana,Black-naped Tern,Sterna sumatrana sumatrana,bird,,,very_high,,,,,FALSE,,FALSE,,TRUE,https://www.dcceew.gov.au/sites/default/files/documents/national-risk-scores-h5-bird-flu-native-birds-mammals.pdf,not_started
102,sterna-hirundo-longipennis,Siberian Common Tern,Sterna hirundo longipennis,bird,,,high,,,,,FALSE,,FALSE,,TRUE,https://www.dcceew.gov.au/sites/default/files/documents/national-risk-scores-h5-bird-flu-native-birds-mammals.pdf,not_started
103,thalasseus-bergii-cristatus,Australasian Crested Tern,Thalasseus bergii cristatus,bird,,,very_high,,,,,FALSE,,FALSE,,TRUE,https://www.dcceew.gov.au/sites/default/files/documents/national-risk-scores-h5-bird-flu-native-birds-mammals.pdf,not_started
104,thalasseus-bengalensis-torresii,Eastern Lesser Crested Tern,Thalasseus bengalensis torresii,bird,,,very_high,,,,,FALSE,,FALSE,,TRUE,https://www.dcceew.gov.au/sites/default/files/documents/national-risk-scores-h5-bird-flu-native-birds-mammals.pdf,not_started
105,larus-pacificus-georgii,West Coast Pacific Gull,Larus pacificus georgii,bird,,,very_high,,,,,FALSE,,FALSE,,TRUE,https://www.dcceew.gov.au/sites/default/files/documents/national-risk-scores-h5-bird-flu-native-birds-mammals.pdf,not_started
106,chroicocephalus-novaehollandiae-novaehollandiae,Australian Silver Gull,Chroicocephalus novaehollandiae novaehollandiae,bird,,,very_high,,,,,FALSE,,FALSE,,TRUE,https://www.dcceew.gov.au/sites/default/files/documents/national-risk-scores-h5-bird-flu-native-birds-mammals.pdf,not_started
107,chlidonias-hybrida,Whiskered Tern,Chlidonias hybrida,bird,,,very_high,,,,,FALSE,,FALSE,,TRUE,https://www.dcceew.gov.au/sites/default/files/documents/national-risk-scores-h5-bird-flu-native-birds-mammals.pdf,not_started
108,chlidonias-hybrida-javanicus,Eastern Whiskered Tern,Chlidonias hybrida javanicus,bird,,,very_high,,,,,FALSE,,FALSE,,TRUE,https://www.dcceew.gov.au/sites/default/files/documents/national-risk-scores-h5-bird-flu-native-birds-mammals.pdf,not_started
109,chlidonias-leucopterus,White-winged Black Tern,Chlidonias leucopterus,bird,,,very_high,,,,,FALSE,,FALSE,,TRUE,https://www.dcceew.gov.au/sites/default/files/documents/national-risk-scores-h5-bird-flu-native-birds-mammals.pdf,not_started
110,ardea-alba,Great Egret,Ardea alba,bird,,,very_high,,,,,FALSE,,FALSE,,TRUE,https://www.dcceew.gov.au/sites/default/files/documents/national-risk-scores-h5-bird-flu-native-birds-mammals.pdf,not_started
111,ardea-alba-modesta,Eastern Great Egret,Ardea alba modesta,bird,,,very_high,,,,,FALSE,,FALSE,,TRUE,https://www.dcceew.gov.au/sites/default/files/documents/national-risk-scores-h5-bird-flu-native-birds-mammals.pdf,not_started
112,butorides-striata-rogersi,Eastern Striated Heron,Butorides striata rogersi,bird,,,high,,,,,FALSE,,FALSE,,TRUE,https://www.dcceew.gov.au/sites/default/files/documents/national-risk-scores-h5-bird-flu-native-birds-mammals.pdf,not_started
113,butorides-striata-stagnatilis,Western Striated Heron,Butorides striata stagnatilis,bird,,,high,,,,,FALSE,,FALSE,,TRUE,https://www.dcceew.gov.au/sites/default/files/documents/national-risk-scores-h5-bird-flu-native-birds-mammals.pdf,not_started
114,egretta-novaehollandiae,White-faced Heron,Egretta novaehollandiae,bird,,,very_high,,,,,FALSE,,FALSE,,TRUE,https://www.dcceew.gov.au/sites/default/files/documents/national-risk-scores-h5-bird-flu-native-birds-mammals.pdf,not_started
115,threskiornis-moluccus,Australian White Ibis,Threskiornis moluccus,bird,,,very_high,,,,,FALSE,,FALSE,,TRUE,https://www.dcceew.gov.au/sites/default/files/documents/national-risk-scores-h5-bird-flu-native-birds-mammals.pdf,not_started
116,threskiornis-moluccus-moluccus,Australian White Ibis,Threskiornis moluccus moluccus,bird,,,very_high,,,,,FALSE,,FALSE,,TRUE,https://www.dcceew.gov.au/sites/default/files/documents/national-risk-scores-h5-bird-flu-native-birds-mammals.pdf,not_started
117,plegadis-falcinellus,Glossy Ibis,Plegadis falcinellus,bird,,,very_high,,,,,FALSE,,FALSE,,TRUE,https://www.dcceew.gov.au/sites/default/files/documents/national-risk-scores-h5-bird-flu-native-birds-mammals.pdf,not_started
118,platalea-regia,Royal Spoonbill,Platalea regia,bird,,,very_high,,,,,FALSE,,FALSE,,TRUE,https://www.dcceew.gov.au/sites/default/files/documents/national-risk-scores-h5-bird-flu-native-birds-mammals.pdf,not_started
119,threskiornis-spinicollis,Straw-necked Ibis,Threskiornis spinicollis,bird,,,very_high,,,,,FALSE,,FALSE,,TRUE,https://www.dcceew.gov.au/sites/default/files/documents/national-risk-scores-h5-bird-flu-native-birds-mammals.pdf,not_started
120,platalea-flavipes,Yellow-billed Spoonbill,Platalea flavipes,bird,,,very_high,,,,,FALSE,,FALSE,,TRUE,https://www.dcceew.gov.au/sites/default/files/documents/national-risk-scores-h5-bird-flu-native-birds-mammals.pdf,not_started
121,tyto-tenebricosa,Greater Sooty Owl,Tyto tenebricosa,bird,,,high,,,,,FALSE,,FALSE,,TRUE,https://www.dcceew.gov.au/sites/default/files/documents/national-risk-scores-h5-bird-flu-native-birds-mammals.pdf,not_started
122,tyto-tenebricosa-tenebricosa,Greater Sooty Owl,Tyto tenebricosa tenebricosa,bird,,,high,,,,,FALSE,,FALSE,,TRUE,https://www.dcceew.gov.au/sites/default/files/documents/national-risk-scores-h5-bird-flu-native-birds-mammals.pdf,not_started
123,tyto-multipunctata,Lesser Sooty Owl,Tyto multipunctata,bird,,,high,,,,,FALSE,,FALSE,,TRUE,https://www.dcceew.gov.au/sites/default/files/documents/national-risk-scores-h5-bird-flu-native-birds-mammals.pdf,not_started
124,alectura-lathami-purpureicollis,Cape York Australian Brush-turkey,Alectura lathami purpureicollis,bird,,,high,,,,,FALSE,,FALSE,,TRUE,https://www.dcceew.gov.au/sites/default/files/documents/national-risk-scores-h5-bird-flu-native-birds-mammals.pdf,not_started
125,eudyptes-pachyrhynchus,Fiordland Penguin,Eudyptes pachyrhynchus,bird,,,high,,,,,FALSE,,FALSE,,TRUE,https://www.dcceew.gov.au/sites/default/files/documents/national-risk-scores-h5-bird-flu-native-birds-mammals.pdf,not_started
126,pygoscelis-papua-papua,Subantarctic Gentoo Penguin,Pygoscelis papua papua,bird,,,high,,,,,FALSE,,FALSE,,TRUE,https://www.dcceew.gov.au/sites/default/files/documents/national-risk-scores-h5-bird-flu-native-birds-mammals.pdf,not_started
127,eudyptes-chrysocome-chrysocome,South American Southern Rockhopper Penguin,Eudyptes chrysocome chrysocome,bird,,,high,,,,,FALSE,,FALSE,,TRUE,https://www.dcceew.gov.au/sites/default/files/documents/national-risk-scores-h5-bird-flu-native-birds-mammals.pdf,not_started
128,eudyptes-chrysocome-filholi,Eastern Rockhopper Penguin,Eudyptes chrysocome filholi,bird,,,high,,,,,FALSE,,FALSE,,TRUE,https://www.dcceew.gov.au/sites/default/files/documents/national-risk-scores-h5-bird-flu-native-birds-mammals.pdf,not_started
129,pachyptila-turtur-turtur,Northern Fairy Prion,Pachyptila turtur turtur,bird,,,very_high,,,,,FALSE,,FALSE,,TRUE,https://www.dcceew.gov.au/sites/default/files/documents/national-risk-scores-h5-bird-flu-native-birds-mammals.pdf,not_started
130,motacilla-alba,White Wagtail,Motacilla alba,bird,,,high,,,,,FALSE,,FALSE,,TRUE,https://www.dcceew.gov.au/sites/default/files/documents/national-risk-scores-h5-bird-flu-native-birds-mammals.pdf,not_started
131,motacilla-alba-leucopsis,Central Asian White Wagtail,Motacilla alba leucopsis,bird,,,high,,,,,FALSE,,FALSE,,TRUE,https://www.dcceew.gov.au/sites/default/files/documents/national-risk-scores-h5-bird-flu-native-birds-mammals.pdf,not_started
132,elseyornis-melanops,Black-fronted Dotterel,Elseyornis melanops,bird,,,very_high,,,,,FALSE,,FALSE,,TRUE,https://www.dcceew.gov.au/sites/default/files/documents/national-risk-scores-h5-bird-flu-native-birds-mammals.pdf,not_started
133,erythrogonys-cinctus,Red-kneed Dotterel,Erythrogonys cinctus,bird,,,very_high,,,,,FALSE,,FALSE,,TRUE,https://www.dcceew.gov.au/sites/default/files/documents/national-risk-scores-h5-bird-flu-native-birds-mammals.pdf,not_started
134,cladorhynchus-leucocephalus,Banded Stilt,Cladorhynchus leucocephalus,bird,,,very_high,,,,,FALSE,,FALSE,,TRUE,https://www.dcceew.gov.au/sites/default/files/documents/national-risk-scores-h5-bird-flu-native-birds-mammals.pdf,not_started
135,strepera-graculina-robinsoni,Wet Tropics Pied Currawong,Strepera graculina robinsoni,bird,,,high,,,,,FALSE,,FALSE,,TRUE,https://www.dcceew.gov.au/sites/default/files/documents/national-risk-scores-h5-bird-flu-native-birds-mammals.pdf,not_started
136,balaenoptera-borealis,Sei Whale,Balaenoptera borealis,mammal,,,high,,,,,FALSE,,FALSE,,TRUE,https://www.dcceew.gov.au/sites/default/files/documents/national-risk-scores-h5-bird-flu-native-birds-mammals.pdf,not_started
137,balaenoptera-musculus,Blue Whale,Balaenoptera musculus,mammal,,,high,,,,,FALSE,,FALSE,,TRUE,https://www.dcceew.gov.au/sites/default/files/documents/national-risk-scores-h5-bird-flu-native-birds-mammals.pdf,not_started
138,balaenoptera-physalus,Fin Whale,Balaenoptera physalus,mammal,,,high,,,,,FALSE,,FALSE,,TRUE,https://www.dcceew.gov.au/sites/default/files/documents/national-risk-scores-h5-bird-flu-native-birds-mammals.pdf,not_started
139,eubalaena-australis,Southern Right Whale,Eubalaena australis,mammal,,,high,,,,,FALSE,,FALSE,,TRUE,https://www.dcceew.gov.au/sites/default/files/documents/national-risk-scores-h5-bird-flu-native-birds-mammals.pdf,not_started
140,lagenorhynchus-obscurus,Dusky Dolphin,Lagenorhynchus obscurus,mammal,,,very_high,,,,,FALSE,,FALSE,,TRUE,https://www.dcceew.gov.au/sites/default/files/documents/national-risk-scores-h5-bird-flu-native-birds-mammals.pdf,not_started
141,pseudorca-crassidens,False Killer Whale,Pseudorca crassidens,mammal,,,high,,,,,FALSE,,FALSE,,TRUE,https://www.dcceew.gov.au/sites/default/files/documents/national-risk-scores-h5-bird-flu-native-birds-mammals.pdf,not_started
142,physeter-macrocephalus,Sperm Whale,Physeter macrocephalus,mammal,,,high,,,,,FALSE,,FALSE,,TRUE,https://www.dcceew.gov.au/sites/default/files/documents/national-risk-scores-h5-bird-flu-native-birds-mammals.pdf,not_started
143,sterna-striata,White-fronted Tern,Sterna striata,bird,,,high,,,,,FALSE,,FALSE,,TRUE,https://www.dcceew.gov.au/sites/default/files/documents/national-risk-scores-h5-bird-flu-native-birds-mammals.pdf,not_started
144,sterna-sumatrana,Black-naped Tern,Sterna sumatrana,bird,,,very_high,,,,,FALSE,,FALSE,,TRUE,https://www.dcceew.gov.au/sites/default/files/documents/national-risk-scores-h5-bird-flu-native-birds-mammals.pdf,not_started
145,larus-dominicanus,Kelp Gull,Larus dominicanus,bird,,,very_high,,,,,FALSE,,FALSE,,TRUE,https://www.dcceew.gov.au/sites/default/files/documents/national-risk-scores-h5-bird-flu-native-birds-mammals.pdf,not_started
146,larus-novaehollandiae,Silver Gull,Larus novaehollandiae,bird,,,very_high,,,,,FALSE,,FALSE,,TRUE,https://www.dcceew.gov.au/sites/default/files/documents/national-risk-scores-h5-bird-flu-native-birds-mammals.pdf,not_started
147,larus-pacificus,Pacific Gull,Larus pacificus,bird,,,very_high,,,,,FALSE,,FALSE,,TRUE,https://www.dcceew.gov.au/sites/default/files/documents/national-risk-scores-h5-bird-flu-native-birds-mammals.pdf,not_started
148,sterna-bengalensis,Lesser Crested Tern,Sterna bengalensis,bird,,,very_high,,,,,FALSE,,FALSE,,TRUE,https://www.dcceew.gov.au/sites/default/files/documents/national-risk-scores-h5-bird-flu-native-birds-mammals.pdf,not_started
149,pluvialis-squatarola,Grey Plover,Pluvialis squatarola,bird,,,high,,,,,FALSE,,FALSE,,TRUE,https://www.dcceew.gov.au/sites/default/files/documents/national-risk-scores-h5-bird-flu-native-birds-mammals.pdf,not_started
150,recurvirostra-novaehollandiae,Red-necked Avocet,Recurvirostra novaehollandiae,bird,,,very_high,,,,,FALSE,,FALSE,,TRUE,https://www.dcceew.gov.au/sites/default/files/documents/national-risk-scores-h5-bird-flu-native-birds-mammals.pdf,not_started
151,charadrius-leschenaultii,Greater Sand Plover,Charadrius leschenaultii,bird,,,high,,,,,FALSE,,FALSE,,TRUE,https://www.dcceew.gov.au/sites/default/files/documents/national-risk-scores-h5-bird-flu-native-birds-mammals.pdf,not_started
152,charadrius-ruficapillus,Red-capped Plover,Charadrius ruficapillus,bird,,,very_high,,,,,FALSE,,FALSE,,TRUE,https://www.dcceew.gov.au/sites/default/files/documents/national-risk-scores-h5-bird-flu-native-birds-mammals.pdf,not_started
153,falco-hypoleucos,Grey Falcon,Falco hypoleucos,bird,,,high,,,,,FALSE,,FALSE,,TRUE,https://www.dcceew.gov.au/sites/default/files/documents/national-risk-scores-h5-bird-flu-native-birds-mammals.pdf,not_started
154,leipoa-ocellata,Malleefowl,Leipoa ocellata,bird,,,high,,,,,FALSE,,FALSE,,TRUE,https://www.dcceew.gov.au/sites/default/files/documents/national-risk-scores-h5-bird-flu-native-birds-mammals.pdf,not_started
155,fregata-ariel,Lesser Frigatebird,Fregata ariel,bird,,,high,,,,,FALSE,,FALSE,,TRUE,https://www.dcceew.gov.au/sites/default/files/documents/national-risk-scores-h5-bird-flu-native-birds-mammals.pdf,not_started
156,pelagodroma-marina,White-faced Storm-Petrel,Pelagodroma marina,bird,,,high,,,,,FALSE,,FALSE,,TRUE,https://www.dcceew.gov.au/sites/default/files/documents/national-risk-scores-h5-bird-flu-native-birds-mammals.pdf,not_started
157,sula-sula,Red-footed Booby,Sula sula,bird,,,very_high,,,,,FALSE,,FALSE,,TRUE,https://www.dcceew.gov.au/sites/default/files/documents/national-risk-scores-h5-bird-flu-native-birds-mammals.pdf,not_started
158,puffinus-pacificus,Wedge-tailed Shearwater,Puffinus pacificus,bird,,,high,,,,,FALSE,,FALSE,,TRUE,https://www.dcceew.gov.au/sites/default/files/documents/national-risk-scores-h5-bird-flu-native-birds-mammals.pdf,not_started
159,pterodroma-macroptera,Great-winged Petrel,Pterodroma macroptera,bird,,,high,,,,,FALSE,,FALSE,,TRUE,https://www.dcceew.gov.au/sites/default/files/documents/national-risk-scores-h5-bird-flu-native-birds-mammals.pdf,not_started
160,aptenodytes-patagonicus,King Penguin,Aptenodytes patagonicus,bird,,,high,,,,,FALSE,,FALSE,,TRUE,https://www.dcceew.gov.au/sites/default/files/documents/national-risk-scores-h5-bird-flu-native-birds-mammals.pdf,not_started
161,pygoscelis-papua,Gentoo Penguin,Pygoscelis papua,bird,,,high,,,,,FALSE,,FALSE,,TRUE,https://www.dcceew.gov.au/sites/default/files/documents/national-risk-scores-h5-bird-flu-native-birds-mammals.pdf,not_started
162,tyto-novaehollandiae-kimberli,Northern Masked Owl,Tyto novaehollandiae kimberli,bird,,,high,,,,,FALSE,,FALSE,,TRUE,https://www.dcceew.gov.au/sites/default/files/documents/national-risk-scores-h5-bird-flu-native-birds-mammals.pdf,not_started
163,phocoena-dioptrica,Spectacled Porpoise,Phocoena dioptrica,mammal,,,high,,,,,FALSE,,FALSE,,TRUE,https://www.dcceew.gov.au/sites/default/files/documents/national-risk-scores-h5-bird-flu-native-birds-mammals.pdf,not_started
164,balaenoptera-bonaerensis,Antarctic Minke Whale,Balaenoptera bonaerensis,mammal,,,high,,,,,FALSE,,FALSE,,TRUE,https://www.dcceew.gov.au/sites/default/files/documents/national-risk-scores-h5-bird-flu-native-birds-mammals.pdf,not_started
165,orcaella-heinsohni,Australian Snubfin Dolphin,Orcaella heinsohni,mammal,,,high,,,,,FALSE,,FALSE,,TRUE,https://www.dcceew.gov.au/sites/default/files/documents/national-risk-scores-h5-bird-flu-native-birds-mammals.pdf,not_started
166,puffinus-griseus,Sooty Shearwater,Puffinus griseus,bird,,,high,,,,,FALSE,,FALSE,,TRUE,https://www.dcceew.gov.au/sites/default/files/documents/national-risk-scores-h5-bird-flu-native-birds-mammals.pdf,not_started
167,sterna-bergii,Greater Crested Tern,Sterna bergii,bird,,,very_high,,,,,FALSE,,FALSE,,TRUE,https://www.dcceew.gov.au/sites/default/files/documents/national-risk-scores-h5-bird-flu-native-birds-mammals.pdf,not_started
168,sousa-sahulensis,Australian Hump-backed Dolphin,Sousa sahulensis,mammal,,,high,,,,,FALSE,,FALSE,,TRUE,https://www.dcceew.gov.au/sites/default/files/documents/national-risk-scores-h5-bird-flu-native-birds-mammals.pdf,not_started
169,anous-albivitta,Grey noddy,Anous albivitta,bird,,,high,,,,,FALSE,,FALSE,,TRUE,https://www.dcceew.gov.au/sites/default/files/documents/national-risk-scores-h5-bird-flu-native-birds-mammals.pdf,not_started
170,tyto-novaehollandiae-castanops-tasmanian-population,Tasmanian Masked Owl,Tyto novaehollandiae castanops (Tasmanian population),bird,,,high,,,,,FALSE,,FALSE,,TRUE,https://www.dcceew.gov.au/sites/default/files/documents/national-risk-scores-h5-bird-flu-native-birds-mammals.pdf,not_started
171,balaenoptera-omura,Omura's Whale,Balaenoptera omura,mammal,,,high,,,,,FALSE,,FALSE,,TRUE,https://www.dcceew.gov.au/sites/default/files/documents/national-risk-scores-h5-bird-flu-native-birds-mammals.pdf,not_started
172,ephippiorhynchus-asiaticus,Black-necked Stork,Ephippiorhynchus asiaticus,bird,,,very_high,,,,,FALSE,,FALSE,,TRUE,https://www.dcceew.gov.au/sites/default/files/documents/national-risk-scores-h5-bird-flu-native-birds-mammals.pdf,not_started
173,balaenoptera-acutorostrata,Dwarf Minke Whale,Balaenoptera acutorostrata,mammal,,,high,,,,,FALSE,,FALSE,,TRUE,https://www.dcceew.gov.au/sites/default/files/documents/national-risk-scores-h5-bird-flu-native-birds-mammals.pdf,not_started
174,berardius-arnuxii,Arnoux's Beaked Whale,Berardius arnuxii,mammal,,,high,,,,,FALSE,,FALSE,,TRUE,https://www.dcceew.gov.au/sites/default/files/documents/national-risk-scores-h5-bird-flu-native-birds-mammals.pdf,not_started
175,turnix-castanotus,Chestnut-backed Button-quail,Turnix castanotus,bird,,,high,,,,,FALSE,,FALSE,,TRUE,https://www.dcceew.gov.au/sites/default/files/documents/national-risk-scores-h5-bird-flu-native-birds-mammals.pdf,not_started
176,turnix-velox,Little Button-quail,Turnix velox,bird,,,high,,,,,FALSE,,FALSE,,TRUE,https://www.dcceew.gov.au/sites/default/files/documents/national-risk-scores-h5-bird-flu-native-birds-mammals.pdf,not_started
177,turnix-varius,Painted Button-quail,Turnix varius,bird,,,high,,,,,FALSE,,FALSE,,TRUE,https://www.dcceew.gov.au/sites/default/files/documents/national-risk-scores-h5-bird-flu-native-birds-mammals.pdf,not_started
178,turnix-varius-varius,Australian Painted Button-quail,Turnix varius varius,bird,,,high,,,,,FALSE,,FALSE,,TRUE,https://www.dcceew.gov.au/sites/default/files/documents/national-risk-scores-h5-bird-flu-native-birds-mammals.pdf,not_started
179,turnix-maculosus,Red-backed Button-quail,Turnix maculosus,bird,,,high,,,,,FALSE,,FALSE,,TRUE,https://www.dcceew.gov.au/sites/default/files/documents/national-risk-scores-h5-bird-flu-native-birds-mammals.pdf,not_started
180,turnix-maculosus-melanotus,Red-backed Button-quail,Turnix maculosus melanotus,bird,,,high,,,,,FALSE,,FALSE,,TRUE,https://www.dcceew.gov.au/sites/default/files/documents/national-risk-scores-h5-bird-flu-native-birds-mammals.pdf,not_started
181,turnix-pyrrhothorax,Red-chested Button-quail,Turnix pyrrhothorax,bird,,,high,,,,,FALSE,,FALSE,,TRUE,https://www.dcceew.gov.au/sites/default/files/documents/national-risk-scores-h5-bird-flu-native-birds-mammals.pdf,not_started
182,cisticola-exilis,Golden-headed Cisticola,Cisticola exilis,bird,,,high,,,,,FALSE,,FALSE,,TRUE,https://www.dcceew.gov.au/sites/default/files/documents/national-risk-scores-h5-bird-flu-native-birds-mammals.pdf,not_started
183,cisticola-exilis-alexandrae,Northern Golden-headed Cisticola,Cisticola exilis alexandrae,bird,,,high,,,,,FALSE,,FALSE,,TRUE,https://www.dcceew.gov.au/sites/default/files/documents/national-risk-scores-h5-bird-flu-native-birds-mammals.pdf,not_started
184,cisticola-exilis-diminuta,North-eastern Golden-headed Cisticola,Cisticola exilis diminuta,bird,,,high,,,,,FALSE,,FALSE,,TRUE,https://www.dcceew.gov.au/sites/default/files/documents/national-risk-scores-h5-bird-flu-native-birds-mammals.pdf,not_started
185,cisticola-exilis-exilis,South-eastern Golden-headed Cisticola,Cisticola exilis exilis,bird,,,high,,,,,FALSE,,FALSE,,TRUE,https://www.dcceew.gov.au/sites/default/files/documents/national-risk-scores-h5-bird-flu-native-birds-mammals.pdf,not_started
186,cisticola-exilis-lineocapilla,North-western Golden-headed Cisticola,Cisticola exilis lineocapilla,bird,,,high,,,,,FALSE,,FALSE,,TRUE,https://www.dcceew.gov.au/sites/default/files/documents/national-risk-scores-h5-bird-flu-native-birds-mammals.pdf,not_started
187,cisticola-juncidis,Zitting Cisticola,Cisticola juncidis,bird,,,high,,,,,FALSE,,FALSE,,TRUE,https://www.dcceew.gov.au/sites/default/files/documents/national-risk-scores-h5-bird-flu-native-birds-mammals.pdf,not_started
188,cisticola-juncidis-laveryi,Eastern Zitting Cisticola,Cisticola juncidis laveryi,bird,,,high,,,,,FALSE,,FALSE,,TRUE,https://www.dcceew.gov.au/sites/default/files/documents/national-risk-scores-h5-bird-flu-native-birds-mammals.pdf,not_started
189,cisticola-juncidis-leanyeri,Top End Zitting Cisticola,Cisticola juncidis leanyeri,bird,,,high,,,,,FALSE,,FALSE,,TRUE,https://www.dcceew.gov.au/sites/default/files/documents/national-risk-scores-h5-bird-flu-native-birds-mammals.pdf,not_started
190,fulica-atra-australis,Australian Eurasian Coot,Fulica atra australis,bird,,,high,,,,,FALSE,,FALSE,,TRUE,https://www.dcceew.gov.au/sites/default/files/documents/national-risk-scores-h5-bird-flu-native-birds-mammals.pdf,not_started
191,porphyrio-porphyrio,Purple Swamphen,Porphyrio porphyrio,bird,,,high,,,,,FALSE,,FALSE,,TRUE,https://www.dcceew.gov.au/sites/default/files/documents/national-risk-scores-h5-bird-flu-native-birds-mammals.pdf,not_started
192,corvus-coronoides,Australian Raven,Corvus coronoides,bird,,,high,,,,,FALSE,,FALSE,,TRUE,https://www.dcceew.gov.au/sites/default/files/documents/national-risk-scores-h5-bird-flu-native-birds-mammals.pdf,not_started
193,corvus-coronoides-coronoides,Eastern Australian Raven,Corvus coronoides coronoides,bird,,,high,,,,,FALSE,,FALSE,,TRUE,https://www.dcceew.gov.au/sites/default/files/documents/national-risk-scores-h5-bird-flu-native-birds-mammals.pdf,not_started
194,corvus-coronoides-perplexus,Western Australian Raven,Corvus coronoides perplexus,bird,,,high,,,,,FALSE,,FALSE,,TRUE,https://www.dcceew.gov.au/sites/default/files/documents/national-risk-scores-h5-bird-flu-native-birds-mammals.pdf,not_started
195,corvus-tasmanicus-boreus,New England Forest Raven,Corvus tasmanicus boreus,bird,,,high,,,,,FALSE,,FALSE,,TRUE,https://www.dcceew.gov.au/sites/default/files/documents/national-risk-scores-h5-bird-flu-native-birds-mammals.pdf,not_started
196,corvus-tasmanicus-tasmanicus,Southern Forest Raven,Corvus tasmanicus tasmanicus,bird,,,high,,,,,FALSE,,FALSE,,TRUE,https://www.dcceew.gov.au/sites/default/files/documents/national-risk-scores-h5-bird-flu-native-birds-mammals.pdf,not_started
197,corvus-bennetti,Little Crow,Corvus bennetti,bird,,,high,,,,,FALSE,,FALSE,,TRUE,https://www.dcceew.gov.au/sites/default/files/documents/national-risk-scores-h5-bird-flu-native-birds-mammals.pdf,not_started
198,corvus-mellori,Little Raven,Corvus mellori,bird,,,high,,,,,FALSE,,FALSE,,TRUE,https://www.dcceew.gov.au/sites/default/files/documents/national-risk-scores-h5-bird-flu-native-birds-mammals.pdf,not_started
199,corvus-orru,Torresian Crow,Corvus orru,bird,,,high,,,,,FALSE,,FALSE,,TRUE,https://www.dcceew.gov.au/sites/default/files/documents/national-risk-scores-h5-bird-flu-native-birds-mammals.pdf,not_started
200,corvus-orru-cecilae,Australian Torresian Crow,Corvus orru cecilae,bird,,,high,,,,,FALSE,,FALSE,,TRUE,https://www.dcceew.gov.au/sites/default/files/documents/national-risk-scores-h5-bird-flu-native-birds-mammals.pdf,not_started
201,anhinga-novaehollandiae,Australasian Darter,Anhinga novaehollandiae,bird,,,high,,,,,FALSE,,FALSE,,TRUE,https://www.dcceew.gov.au/sites/default/files/documents/national-risk-scores-h5-bird-flu-native-birds-mammals.pdf,not_started
202,anhinga-novaehollandiae-novaehollandiae,Australian Darter,Anhinga novaehollandiae novaehollandiae,bird,,,high,,,,,FALSE,,FALSE,,TRUE,https://www.dcceew.gov.au/sites/default/files/documents/national-risk-scores-h5-bird-flu-native-birds-mammals.pdf,not_started
203,canis-familiaris,Dingo,Canis familiaris,mammal,,,high,,,,,FALSE,,FALSE,,TRUE,https://www.dcceew.gov.au/sites/default/files/documents/national-risk-scores-h5-bird-flu-native-birds-mammals.pdf,not_started
204,tadorna-tadornoides,Australian Shelduck,Tadorna tadornoides,bird,,,high,,,,,FALSE,,FALSE,,TRUE,https://www.dcceew.gov.au/sites/default/files/documents/national-risk-scores-h5-bird-flu-native-birds-mammals.pdf,not_started
205,chenonetta-jubata,Australian Wood Duck,Chenonetta jubata,bird,,,high,,,,,FALSE,,FALSE,,TRUE,https://www.dcceew.gov.au/sites/default/files/documents/national-risk-scores-h5-bird-flu-native-birds-mammals.pdf,not_started
206,anas-castanea,Chestnut Teal,Anas castanea,bird,,,high,,,,,FALSE,,FALSE,,TRUE,https://www.dcceew.gov.au/sites/default/files/documents/national-risk-scores-h5-bird-flu-native-birds-mammals.pdf,not_started
207,nettapus-coromandelianus,Cotton Pygmy-goose,Nettapus coromandelianus,bird,,,high,,,,,FALSE,,FALSE,,TRUE,https://www.dcceew.gov.au/sites/default/files/documents/national-risk-scores-h5-bird-flu-native-birds-mammals.pdf,not_started
208,nettapus-coromandelianus-albipennis,Australian Cotton Pygmy-goose,Nettapus coromandelianus albipennis,bird,,,high,,,,,FALSE,,FALSE,,TRUE,https://www.dcceew.gov.au/sites/default/files/documents/national-risk-scores-h5-bird-flu-native-birds-mammals.pdf,not_started
209,stictonetta-naevosa,Freckled Duck,Stictonetta naevosa,bird,,,high,,,,,FALSE,,FALSE,,TRUE,https://www.dcceew.gov.au/sites/default/files/documents/national-risk-scores-h5-bird-flu-native-birds-mammals.pdf,not_started
210,nettapus-pulchellus,Green Pygmy-goose,Nettapus pulchellus,bird,,,high,,,,,FALSE,,FALSE,,TRUE,https://www.dcceew.gov.au/sites/default/files/documents/national-risk-scores-h5-bird-flu-native-birds-mammals.pdf,not_started
211,anas-superciliosa,Pacific Black Duck,Anas superciliosa,bird,,,high,,,,,FALSE,,FALSE,,TRUE,https://www.dcceew.gov.au/sites/default/files/documents/national-risk-scores-h5-bird-flu-native-birds-mammals.pdf,not_started
212,anas-superciliosa-superciliosa,Pacific Black Duck,Anas superciliosa superciliosa,bird,,,high,,,,,FALSE,,FALSE,,TRUE,https://www.dcceew.gov.au/sites/default/files/documents/national-risk-scores-h5-bird-flu-native-birds-mammals.pdf,not_started
213,radjah-radjah,Radjah Shelduck,Radjah radjah,bird,,,high,,,,,FALSE,,FALSE,,TRUE,https://www.dcceew.gov.au/sites/default/files/documents/national-risk-scores-h5-bird-flu-native-birds-mammals.pdf,not_started
214,radjah-radjah-rufitergum,Torresian Radjah Shelduck,Radjah radjah rufitergum,bird,,,high,,,,,FALSE,,FALSE,,TRUE,https://www.dcceew.gov.au/sites/default/files/documents/national-risk-scores-h5-bird-flu-native-birds-mammals.pdf,not_started
215,milvus-migrans,Black Kite,Milvus migrans,bird,,,high,,,,,FALSE,,FALSE,,TRUE,https://www.dcceew.gov.au/sites/default/files/documents/national-risk-scores-h5-bird-flu-native-birds-mammals.pdf,not_started
216,milvus-migrans-affinis,Torresian Black Kite,Milvus migrans affinis,bird,,,high,,,,,FALSE,,FALSE,,TRUE,https://www.dcceew.gov.au/sites/default/files/documents/national-risk-scores-h5-bird-flu-native-birds-mammals.pdf,not_started
217,hamirostra-melanosternon,Black-breasted Buzzard,Hamirostra melanosternon,bird,,,high,,,,,FALSE,,FALSE,,TRUE,https://www.dcceew.gov.au/sites/default/files/documents/national-risk-scores-h5-bird-flu-native-birds-mammals.pdf,not_started
218,elanus-axillaris,Black-shouldered Kite,Elanus axillaris,bird,,,high,,,,,FALSE,,FALSE,,TRUE,https://www.dcceew.gov.au/sites/default/files/documents/national-risk-scores-h5-bird-flu-native-birds-mammals.pdf,not_started
219,haliastur-indus,Brahminy Kite,Haliastur indus,bird,,,high,,,,,FALSE,,FALSE,,TRUE,https://www.dcceew.gov.au/sites/default/files/documents/national-risk-scores-h5-bird-flu-native-birds-mammals.pdf,not_started
220,haliastur-indus-girrenera,Torresian Brahminy Kite,Haliastur indus girrenera,bird,,,high,,,,,FALSE,,FALSE,,TRUE,https://www.dcceew.gov.au/sites/default/files/documents/national-risk-scores-h5-bird-flu-native-birds-mammals.pdf,not_started
221,accipiter-fasciatus,Brown Goshawk,Accipiter fasciatus,bird,,,high,,,,,FALSE,,FALSE,,TRUE,https://www.dcceew.gov.au/sites/default/files/documents/national-risk-scores-h5-bird-flu-native-birds-mammals.pdf,not_started
222,accipiter-fasciatus-didimus,Northern Brown Goshawk,Accipiter fasciatus didimus,bird,,,high,,,,,FALSE,,FALSE,,TRUE,https://www.dcceew.gov.au/sites/default/files/documents/national-risk-scores-h5-bird-flu-native-birds-mammals.pdf,not_started
223,accipiter-fasciatus-fasciatus,Southern Brown Goshawk,Accipiter fasciatus fasciatus,bird,,,high,,,,,FALSE,,FALSE,,TRUE,https://www.dcceew.gov.au/sites/default/files/documents/national-risk-scores-h5-bird-flu-native-birds-mammals.pdf,not_started
224,accipiter-cirrocephalus,Collared Sparrowhawk,Accipiter cirrocephalus,bird,,,high,,,,,FALSE,,FALSE,,TRUE,https://www.dcceew.gov.au/sites/default/files/documents/national-risk-scores-h5-bird-flu-native-birds-mammals.pdf,not_started
225,accipiter-cirrocephalus-cirrocephalus,Collared Sparrowhawk,Accipiter cirrocephalus cirrocephalus,bird,,,high,,,,,FALSE,,FALSE,,TRUE,https://www.dcceew.gov.au/sites/default/files/documents/national-risk-scores-h5-bird-flu-native-birds-mammals.pdf,not_started
226,accipiter-novaehollandiae,Grey Goshawk,Accipiter novaehollandiae,bird,,,high,,,,,FALSE,,FALSE,,TRUE,https://www.dcceew.gov.au/sites/default/files/documents/national-risk-scores-h5-bird-flu-native-birds-mammals.pdf,not_started
227,hieraaetus-morphnoides,Little Eagle,Hieraaetus morphnoides,bird,,,high,,,,,FALSE,,FALSE,,TRUE,https://www.dcceew.gov.au/sites/default/files/documents/national-risk-scores-h5-bird-flu-native-birds-mammals.pdf,not_started
228,hieraaetus-morphnoides-morphnoides,Little Eagle,Hieraaetus morphnoides morphnoides,bird,,,high,,,,,FALSE,,FALSE,,TRUE,https://www.dcceew.gov.au/sites/default/files/documents/national-risk-scores-h5-bird-flu-native-birds-mammals.pdf,not_started
229,himantopus-himantopus-leucocephalus,Little Eagle,Himantopus himantopus leucocephalus,bird,,,high,,,,,FALSE,,FALSE,,TRUE,https://www.dcceew.gov.au/sites/default/files/documents/national-risk-scores-h5-bird-flu-native-birds-mammals.pdf,not_started
230,aviceda-subcristata,Pacific Baza,Aviceda subcristata,bird,,,high,,,,,FALSE,,FALSE,,TRUE,https://www.dcceew.gov.au/sites/default/files/documents/national-risk-scores-h5-bird-flu-native-birds-mammals.pdf,not_started
231,aviceda-subcristata-subcristata,Australian Pacific Baza,Aviceda subcristata subcristata,bird,,,high,,,,,FALSE,,FALSE,,TRUE,https://www.dcceew.gov.au/sites/default/files/documents/national-risk-scores-h5-bird-flu-native-birds-mammals.pdf,not_started
232,circus-assimilis,Spotted Harrier,Circus assimilis,bird,,,high,,,,,FALSE,,FALSE,,TRUE,https://www.dcceew.gov.au/sites/default/files/documents/national-risk-scores-h5-bird-flu-native-birds-mammals.pdf,not_started
233,lophoictinia-isura,Square-tailed Kite,Lophoictinia isura,bird,,,high,,,,,FALSE,,FALSE,,TRUE,https://www.dcceew.gov.au/sites/default/files/documents/national-risk-scores-h5-bird-flu-native-birds-mammals.pdf,not_started
234,circus-approximans,Swamp Harrier,Circus approximans,bird,,,high,,,,,FALSE,,FALSE,,TRUE,https://www.dcceew.gov.au/sites/default/files/documents/national-risk-scores-h5-bird-flu-native-birds-mammals.pdf,not_started
235,aquila-audax-audax,Mainland Wedge-tailed Eagle,Aquila audax audax,bird,,,high,,,,,FALSE,,FALSE,,TRUE,https://www.dcceew.gov.au/sites/default/files/documents/national-risk-scores-h5-bird-flu-native-birds-mammals.pdf,not_started
236,haliastur-sphenurus,Whistling Kite,Haliastur sphenurus,bird,,,high,,,,,FALSE,,FALSE,,TRUE,https://www.dcceew.gov.au/sites/default/files/documents/national-risk-scores-h5-bird-flu-native-birds-mammals.pdf,not_started
237,falco-longipennis,Australian Hobby,Falco longipennis,bird,,,high,,,,,FALSE,,FALSE,,TRUE,https://www.dcceew.gov.au/sites/default/files/documents/national-risk-scores-h5-bird-flu-native-birds-mammals.pdf,not_started
238,falco-longipennis-longipennis,Southern Australian Hobby,Falco longipennis longipennis,bird,,,high,,,,,FALSE,,FALSE,,TRUE,https://www.dcceew.gov.au/sites/default/files/documents/national-risk-scores-h5-bird-flu-native-birds-mammals.pdf,not_started
239,falco-longipennis-murchisonianus,Inland Australian Hobby,Falco longipennis murchisonianus,bird,,,high,,,,,FALSE,,FALSE,,TRUE,https://www.dcceew.gov.au/sites/default/files/documents/national-risk-scores-h5-bird-flu-native-birds-mammals.pdf,not_started
240,falco-subniger,Black Falcon,Falco subniger,bird,,,high,,,,,FALSE,,FALSE,,TRUE,https://www.dcceew.gov.au/sites/default/files/documents/national-risk-scores-h5-bird-flu-native-birds-mammals.pdf,not_started
241,falco-berigora,Brown Falcon,Falco berigora,bird,,,high,,,,,FALSE,,FALSE,,TRUE,https://www.dcceew.gov.au/sites/default/files/documents/national-risk-scores-h5-bird-flu-native-birds-mammals.pdf,not_started
242,falco-berigora-berigora,Australian Brown Falcon,Falco berigora berigora,bird,,,high,,,,,FALSE,,FALSE,,TRUE,https://www.dcceew.gov.au/sites/default/files/documents/national-risk-scores-h5-bird-flu-native-birds-mammals.pdf,not_started
243,falco-berigora-novaeguineae,Brown Falcon,Falco berigora novaeguineae,bird,,,high,,,,,FALSE,,FALSE,,TRUE,https://www.dcceew.gov.au/sites/default/files/documents/national-risk-scores-h5-bird-flu-native-birds-mammals.pdf,not_started
244,falco-berigora-occidentalis,Brown Falcon,Falco berigora occidentalis,bird,,,high,,,,,FALSE,,FALSE,,TRUE,https://www.dcceew.gov.au/sites/default/files/documents/national-risk-scores-h5-bird-flu-native-birds-mammals.pdf,not_started
245,falco-berigora-tasmanica,Brown Falcon,Falco berigora tasmanica,bird,,,high,,,,,FALSE,,FALSE,,TRUE,https://www.dcceew.gov.au/sites/default/files/documents/national-risk-scores-h5-bird-flu-native-birds-mammals.pdf,not_started
246,falco-cenchroides,Nankeen Kestrel,Falco cenchroides,bird,,,high,,,,,FALSE,,FALSE,,TRUE,https://www.dcceew.gov.au/sites/default/files/documents/national-risk-scores-h5-bird-flu-native-birds-mammals.pdf,not_started
247,falco-cenchroides-cenchroides,Australasian Nankeen Kestrel,Falco cenchroides cenchroides,bird,,,high,,,,,FALSE,,FALSE,,TRUE,https://www.dcceew.gov.au/sites/default/files/documents/national-risk-scores-h5-bird-flu-native-birds-mammals.pdf,not_started
248,falco-peregrinus,Peregrine Falcon,Falco peregrinus,bird,,,high,,,,,FALSE,,FALSE,,TRUE,https://www.dcceew.gov.au/sites/default/files/documents/national-risk-scores-h5-bird-flu-native-birds-mammals.pdf,not_started
249,falco-peregrinus-macropus,Australian Peregrine Falcon,Falco peregrinus macropus,bird,,,high,,,,,FALSE,,FALSE,,TRUE,https://www.dcceew.gov.au/sites/default/files/documents/national-risk-scores-h5-bird-flu-native-birds-mammals.pdf,not_started
250,poodytes-gramineus,Little Grassbird,Poodytes gramineus,bird,,,high,,,,,FALSE,,FALSE,,TRUE,https://www.dcceew.gov.au/sites/default/files/documents/national-risk-scores-h5-bird-flu-native-birds-mammals.pdf,not_started
251,poodytes-gramineus-goulburni,Eastern Little Grassbird,Poodytes gramineus goulburni,bird,,,high,,,,,FALSE,,FALSE,,TRUE,https://www.dcceew.gov.au/sites/default/files/documents/national-risk-scores-h5-bird-flu-native-birds-mammals.pdf,not_started
252,poodytes-gramineus-gramineus,Tasmanian Little Grassbird,Poodytes gramineus gramineus,bird,,,high,,,,,FALSE,,FALSE,,TRUE,https://www.dcceew.gov.au/sites/default/files/documents/national-risk-scores-h5-bird-flu-native-birds-mammals.pdf,not_started
253,poodytes-gramineus-thomasi,Western Little Grassbird,Poodytes gramineus thomasi,bird,,,high,,,,,FALSE,,FALSE,,TRUE,https://www.dcceew.gov.au/sites/default/files/documents/national-risk-scores-h5-bird-flu-native-birds-mammals.pdf,not_started
254,cincloramphus-timoriensis,Tawny Grassbird,Cincloramphus timoriensis,bird,,,high,,,,,FALSE,,FALSE,,TRUE,https://www.dcceew.gov.au/sites/default/files/documents/national-risk-scores-h5-bird-flu-native-birds-mammals.pdf,not_started
255,cinclosoma-alisteri,Tawny Grassbird,Cinclosoma alisteri,bird,,,high,,,,,FALSE,,FALSE,,TRUE,https://www.dcceew.gov.au/sites/default/files/documents/national-risk-scores-h5-bird-flu-native-birds-mammals.pdf,not_started
256,sterna-hirundo,Common Tern,Sterna hirundo,bird,,,high,,,,,FALSE,,FALSE,,TRUE,https://www.dcceew.gov.au/sites/default/files/documents/national-risk-scores-h5-bird-flu-native-birds-mammals.pdf,not_started
257,egretta-sacra,Eastern Reef Egret,Egretta sacra,bird,,,high,,,,,FALSE,,FALSE,,TRUE,https://www.dcceew.gov.au/sites/default/files/documents/national-risk-scores-h5-bird-flu-native-birds-mammals.pdf,not_started
258,egretta-sacra-sacra,Common Eastern Reef Egret,Egretta sacra sacra,bird,,,high,,,,,FALSE,,FALSE,,TRUE,https://www.dcceew.gov.au/sites/default/files/documents/national-risk-scores-h5-bird-flu-native-birds-mammals.pdf,not_started
259,ardea-pacifica,White-necked Heron,Ardea pacifica,bird,,,high,,,,,FALSE,,FALSE,,TRUE,https://www.dcceew.gov.au/sites/default/files/documents/national-risk-scores-h5-bird-flu-native-birds-mammals.pdf,not_started
260,irediparra-gallinacea,Comb-crested Jacana,Irediparra gallinacea,bird,,,high,,,,,FALSE,,FALSE,,TRUE,https://www.dcceew.gov.au/sites/default/files/documents/national-risk-scores-h5-bird-flu-native-birds-mammals.pdf,not_started
261,irediparra-gallinacea-novaehollandiae,Australian Comb-crested Jacana,Irediparra gallinacea novaehollandiae,bird,,,high,,,,,FALSE,,FALSE,,TRUE,https://www.dcceew.gov.au/sites/default/files/documents/national-risk-scores-h5-bird-flu-native-birds-mammals.pdf,not_started
262,tyto-javanica,Barn Owl,Tyto javanica,bird,,,high,,,,,FALSE,,FALSE,,TRUE,https://www.dcceew.gov.au/sites/default/files/documents/national-risk-scores-h5-bird-flu-native-birds-mammals.pdf,not_started
263,tyto-javanica-delicatula,Barn Owl,Tyto javanica delicatula,bird,,,high,,,,,FALSE,,FALSE,,TRUE,https://www.dcceew.gov.au/sites/default/files/documents/national-risk-scores-h5-bird-flu-native-birds-mammals.pdf,not_started
264,tyto-longimembris,Eastern Grass Owl,Tyto longimembris,bird,,,high,,,,,FALSE,,FALSE,,TRUE,https://www.dcceew.gov.au/sites/default/files/documents/national-risk-scores-h5-bird-flu-native-birds-mammals.pdf,not_started
265,tyto-novaehollandiae,Masked Owl,Tyto novaehollandiae,bird,,,high,,,,,FALSE,,FALSE,,TRUE,https://www.dcceew.gov.au/sites/default/files/documents/national-risk-scores-h5-bird-flu-native-birds-mammals.pdf,not_started
266,tyto-novaehollandiae-galei,Masked Owl,Tyto novaehollandiae galei,bird,,,high,,,,,FALSE,,FALSE,,TRUE,https://www.dcceew.gov.au/sites/default/files/documents/national-risk-scores-h5-bird-flu-native-birds-mammals.pdf,not_started
267,tyto-novaehollandiae-novaehollandiae,Southern Masked Owl,Tyto novaehollandiae novaehollandiae,bird,,,high,,,,,FALSE,,FALSE,,TRUE,https://www.dcceew.gov.au/sites/default/files/documents/national-risk-scores-h5-bird-flu-native-birds-mammals.pdf,not_started
268,alectura-lathami,Australian Brush-turkey,Alectura lathami,bird,,,high,,,,,FALSE,,FALSE,,TRUE,https://www.dcceew.gov.au/sites/default/files/documents/national-risk-scores-h5-bird-flu-native-birds-mammals.pdf,not_started
269,alectura-lathami-lathami,Southern Australian Brush-turkey,Alectura lathami lathami,bird,,,high,,,,,FALSE,,FALSE,,TRUE,https://www.dcceew.gov.au/sites/default/files/documents/national-risk-scores-h5-bird-flu-native-birds-mammals.pdf,not_started
270,megapodius-reinwardt,Orange-footed Scrubfowl,Megapodius reinwardt,bird,,,high,,,,,FALSE,,FALSE,,TRUE,https://www.dcceew.gov.au/sites/default/files/documents/national-risk-scores-h5-bird-flu-native-birds-mammals.pdf,not_started
271,megapodius-reinwardt-castanonotus,Southern Queensland Orange-footed Scrubfowl,Megapodius reinwardt castanonotus,bird,,,high,,,,,FALSE,,FALSE,,TRUE,https://www.dcceew.gov.au/sites/default/files/documents/national-risk-scores-h5-bird-flu-native-birds-mammals.pdf,not_started
272,megapodius-reinwardt-tumulus,Western Orange-footed Scrubfowl,Megapodius reinwardt tumulus,bird,,,high,,,,,FALSE,,FALSE,,TRUE,https://www.dcceew.gov.au/sites/default/files/documents/national-risk-scores-h5-bird-flu-native-birds-mammals.pdf,not_started
273,megapodius-reinwardt-yorki,Cape York Orange-footed Scrubfowl,Megapodius reinwardt yorki,bird,,,high,,,,,FALSE,,FALSE,,TRUE,https://www.dcceew.gov.au/sites/default/files/documents/national-risk-scores-h5-bird-flu-native-birds-mammals.pdf,not_started
274,ducula-spilorrhoa,Torresian Imperial-Pigeon,Ducula spilorrhoa,bird,,,high,,,,,FALSE,,FALSE,,TRUE,https://www.dcceew.gov.au/sites/default/files/documents/national-risk-scores-h5-bird-flu-native-birds-mammals.pdf,not_started
275,charadrius-bicinctus-bicinctus,New Zealand Double-banded Plover,Charadrius bicinctus bicinctus,bird,,,high,,,,,FALSE,,FALSE,,TRUE,https://www.dcceew.gov.au/sites/default/files/documents/national-risk-scores-h5-bird-flu-native-birds-mammals.pdf,not_started
276,charadrius-leschenaultii-leschenaultii,Mongolian Greater Sand Plover,Charadrius leschenaultii leschenaultii,bird,,,high,,,,,FALSE,,FALSE,,TRUE,https://www.dcceew.gov.au/sites/default/files/documents/national-risk-scores-h5-bird-flu-native-birds-mammals.pdf,not_started
277,pluvialis-squatarola-squatarola,Eastern Grey Plover,Pluvialis squatarola squatarola,bird,,,high,,,,,FALSE,,FALSE,,TRUE,https://www.dcceew.gov.au/sites/default/files/documents/national-risk-scores-h5-bird-flu-native-birds-mammals.pdf,not_started
278,charadrius-mongolus-mongolus,Mongolian Lesser Sand Plover,Charadrius mongolus mongolus,bird,,,high,,,,,FALSE,,FALSE,,TRUE,https://www.dcceew.gov.au/sites/default/files/documents/national-risk-scores-h5-bird-flu-native-birds-mammals.pdf,not_started
279,charadrius-mongolus-stegmanni,Kamchatkan Lesser Sand Plover,Charadrius mongolus stegmanni,bird,,,high,,,,,FALSE,,FALSE,,TRUE,https://www.dcceew.gov.au/sites/default/files/documents/national-risk-scores-h5-bird-flu-native-birds-mammals.pdf,not_started
280,acrocephalus-australis,Australian Reed-Warbler,Acrocephalus australis,bird,,,high,,,,,FALSE,,FALSE,,TRUE,https://www.dcceew.gov.au/sites/default/files/documents/national-risk-scores-h5-bird-flu-native-birds-mammals.pdf,not_started
281,acrocephalus-australis-australis,Eastern Australian Reed-Warbler,Acrocephalus australis australis,bird,,,high,,,,,FALSE,,FALSE,,TRUE,https://www.dcceew.gov.au/sites/default/files/documents/national-risk-scores-h5-bird-flu-native-birds-mammals.pdf,not_started
282,acrocephalus-australis-gouldi,Western Australian Reed-Warbler,Acrocephalus australis gouldi,bird,,,high,,,,,FALSE,,FALSE,,TRUE,https://www.dcceew.gov.au/sites/default/files/documents/national-risk-scores-h5-bird-flu-native-birds-mammals.pdf,not_started
283,stercorarius-parasiticus,Arctic Jaeger,Stercorarius parasiticus,bird,,,high,,,,,FALSE,,FALSE,,TRUE,https://www.dcceew.gov.au/sites/default/files/documents/national-risk-scores-h5-bird-flu-native-birds-mammals.pdf,not_started
284,stercorarius-longicaudus,Long-tailed Jaeger,Stercorarius longicaudus,bird,,,high,,,,,FALSE,,FALSE,,TRUE,https://www.dcceew.gov.au/sites/default/files/documents/national-risk-scores-h5-bird-flu-native-birds-mammals.pdf,not_started
285,stercorarius-longicaudus-pallescens,Long-tailed Jaeger,Stercorarius longicaudus pallescens,bird,,,high,,,,,FALSE,,FALSE,,TRUE,https://www.dcceew.gov.au/sites/default/files/documents/national-risk-scores-h5-bird-flu-native-birds-mammals.pdf,not_started
286,stercorarius-maccormicki,Long-tailed Jaeger,Stercorarius maccormicki,bird,,,high,,,,,FALSE,,FALSE,,TRUE,https://www.dcceew.gov.au/sites/default/files/documents/national-risk-scores-h5-bird-flu-native-birds-mammals.pdf,not_started
287,stercorarius-pomarinus,Pomarine Jaeger,Stercorarius pomarinus,bird,,,high,,,,,FALSE,,FALSE,,TRUE,https://www.dcceew.gov.au/sites/default/files/documents/national-risk-scores-h5-bird-flu-native-birds-mammals.pdf,not_started
288,fringilla-coelebs-gengleri,European Common Chaffinch,Fringilla coelebs gengleri,bird,,,high,,,,,FALSE,,FALSE,,TRUE,https://www.dcceew.gov.au/sites/default/files/documents/national-risk-scores-h5-bird-flu-native-birds-mammals.pdf,not_started
289,oceanites-oceanicus-exasperatus,Antarctic Wilson's Storm-Petrel,Oceanites oceanicus exasperatus,bird,,,high,,,,,FALSE,,FALSE,,TRUE,https://www.dcceew.gov.au/sites/default/files/documents/national-risk-scores-h5-bird-flu-native-birds-mammals.pdf,not_started
290,oceanites-oceanicus-oceanicus,Subantarctic Wilson's Storm-Petrel,Oceanites oceanicus oceanicus,bird,,,high,,,,,FALSE,,FALSE,,TRUE,https://www.dcceew.gov.au/sites/default/files/documents/national-risk-scores-h5-bird-flu-native-birds-mammals.pdf,not_started
291,ephippiorhynchus-asiaticus-australis,Torresian Black-necked Stork,Ephippiorhynchus asiaticus australis,bird,,,high,,,,,FALSE,,FALSE,,TRUE,https://www.dcceew.gov.au/sites/default/files/documents/national-risk-scores-h5-bird-flu-native-birds-mammals.pdf,not_started
292,phaethon-rubricauda-roseotinctus,Pacific Red-tailed Tropicbird,Phaethon rubricauda roseotinctus,bird,,,high,,,,,FALSE,,FALSE,,TRUE,https://www.dcceew.gov.au/sites/default/files/documents/national-risk-scores-h5-bird-flu-native-birds-mammals.pdf,not_started
293,phaethon-lepturus-dorotheae,Pacific White-tailed Tropicbird,Phaethon lepturus dorotheae,bird,,,high,,,,,FALSE,,FALSE,,TRUE,https://www.dcceew.gov.au/sites/default/files/documents/national-risk-scores-h5-bird-flu-native-birds-mammals.pdf,not_started
294,strepera-graculina,Pied Currawong,Strepera graculina,bird,,,high,,,,,FALSE,,FALSE,,TRUE,https://www.dcceew.gov.au/sites/default/files/documents/national-risk-scores-h5-bird-flu-native-birds-mammals.pdf,not_started
295,strepera-graculina-ashbyi,Western Pied Currawong,Strepera graculina ashbyi,bird,,,high,,,,,FALSE,,FALSE,,TRUE,https://www.dcceew.gov.au/sites/default/files/documents/national-risk-scores-h5-bird-flu-native-birds-mammals.pdf,not_started
296,strepera-graculina-graculina,Pied Currawong,Strepera graculina graculina,bird,,,high,,,,,FALSE,,FALSE,,TRUE,https://www.dcceew.gov.au/sites/default/files/documents/national-risk-scores-h5-bird-flu-native-birds-mammals.pdf,not_started
297,strepera-graculina-magnirostris,Cape York Pied Currawong,Strepera graculina magnirostris,bird,,,high,,,,,FALSE,,FALSE,,TRUE,https://www.dcceew.gov.au/sites/default/files/documents/national-risk-scores-h5-bird-flu-native-birds-mammals.pdf,not_started
298,strepera-graculina-nebulosa,South-eastern Pied Currawong,Strepera graculina nebulosa,bird,,,high,,,,,FALSE,,FALSE,,TRUE,https://www.dcceew.gov.au/sites/default/files/documents/national-risk-scores-h5-bird-flu-native-birds-mammals.pdf,not_started
299,balaenoptera-edeni,Bryde's Whale,Balaenoptera edeni,mammal,,,high,,,,,FALSE,,FALSE,,TRUE,https://www.dcceew.gov.au/sites/default/files/documents/national-risk-scores-h5-bird-flu-native-birds-mammals.pdf,not_started
300,megaptera-novaeangliae,Humpback Whale,Megaptera novaeangliae,mammal,,,high,,,,,FALSE,,FALSE,,TRUE,https://www.dcceew.gov.au/sites/default/files/documents/national-risk-scores-h5-bird-flu-native-birds-mammals.pdf,not_started
301,caperea-marginata,Pygmy Right Whale,Caperea marginata,mammal,,,high,,,,,FALSE,,FALSE,,TRUE,https://www.dcceew.gov.au/sites/default/files/documents/national-risk-scores-h5-bird-flu-native-birds-mammals.pdf,not_started
302,stiltia-isabella,Australian Pratincole,Stiltia isabella,bird,,,high,,,,,FALSE,,FALSE,,TRUE,https://www.dcceew.gov.au/sites/default/files/documents/national-risk-scores-h5-bird-flu-native-birds-mammals.pdf,not_started
303,glareola-maldivarum,Oriental Pratincole,Glareola maldivarum,bird,,,high,,,,,FALSE,,FALSE,,TRUE,https://www.dcceew.gov.au/sites/default/files/documents/national-risk-scores-h5-bird-flu-native-birds-mammals.pdf,not_started
304,himantopus-himantopus,Little Eagle,Himantopus himantopus,bird,,,high,,,,,FALSE,,FALSE,,TRUE,https://www.dcceew.gov.au/sites/default/files/documents/national-risk-scores-h5-bird-flu-native-birds-mammals.pdf,not_started
305,charadrius-veredus,Oriental Plover,Charadrius veredus,bird,,,high,,,,,FALSE,,FALSE,,TRUE,https://www.dcceew.gov.au/sites/default/files/documents/national-risk-scores-h5-bird-flu-native-birds-mammals.pdf,not_started
306,charadrius-bicinctus,Double-banded Plover,Charadrius bicinctus,bird,,,high,,,,,FALSE,,FALSE,,TRUE,https://www.dcceew.gov.au/sites/default/files/documents/national-risk-scores-h5-bird-flu-native-birds-mammals.pdf,not_started
307,haliaeetus-leucogaster,White-bellied Sea-Eagle,Haliaeetus leucogaster,bird,,,high,,,,,FALSE,,FALSE,,TRUE,https://www.dcceew.gov.au/sites/default/files/documents/national-risk-scores-h5-bird-flu-native-birds-mammals.pdf,not_started
308,phaethon-rubricauda,Pacific Red-tailed Tropicbird,Phaethon rubricauda,bird,,,high,,,,,FALSE,,FALSE,,TRUE,https://www.dcceew.gov.au/sites/default/files/documents/national-risk-scores-h5-bird-flu-native-birds-mammals.pdf,not_started
309,pluvialis-fulva,Pacific Golden Plover,Pluvialis fulva,bird,,,high,,,,,FALSE,,FALSE,,TRUE,https://www.dcceew.gov.au/sites/default/files/documents/national-risk-scores-h5-bird-flu-native-birds-mammals.pdf,not_started
310,catharacta-skua,Great Skua,Catharacta skua,bird,,,high,,,,,FALSE,,FALSE,,TRUE,https://www.dcceew.gov.au/sites/default/files/documents/national-risk-scores-h5-bird-flu-native-birds-mammals.pdf,not_started
311,puffinus-carneipes,Flesh-footed Shearwater,Puffinus carneipes,bird,,,high,,,,,FALSE,,FALSE,,TRUE,https://www.dcceew.gov.au/sites/default/files/documents/national-risk-scores-h5-bird-flu-native-birds-mammals.pdf,not_started
312,macronectes-halli,Northern Giant-Petrel,Macronectes halli,bird,,,high,,,,,FALSE,,FALSE,,TRUE,https://www.dcceew.gov.au/sites/default/files/documents/national-risk-scores-h5-bird-flu-native-birds-mammals.pdf,not_started
313,macronectes-giganteus,"Southern Giant-Petrel, Southern Giant Petrel",Macronectes giganteus,bird,,,high,,,,,FALSE,,FALSE,,TRUE,https://www.dcceew.gov.au/sites/default/files/documents/national-risk-scores-h5-bird-flu-native-birds-mammals.pdf,not_started
314,orcinus-orca,"Killer Whale, Orca",Orcinus orca,mammal,,,very_high,,,,,FALSE,,FALSE,,TRUE,https://www.dcceew.gov.au/sites/default/files/documents/national-risk-scores-h5-bird-flu-native-birds-mammals.pdf,not_started
315,pterodroma-leucoptera-leucoptera,Australian Gould's Petrel,Pterodroma leucoptera leucoptera,bird,,,high,,,,,FALSE,,FALSE,,TRUE,https://www.dcceew.gov.au/sites/default/files/documents/national-risk-scores-h5-bird-flu-native-birds-mammals.pdf,not_started
316,leucocarbo-atriceps,Imperial Shag,Leucocarbo atriceps,bird,,,very_high,,,,,FALSE,,FALSE,,TRUE,https://www.dcceew.gov.au/sites/default/files/documents/national-risk-scores-h5-bird-flu-native-birds-mammals.pdf,not_started
317,leucocarbo-verrucosus,Imperial Shag,Leucocarbo verrucosus,bird,,,very_high,,,,,FALSE,,FALSE,,TRUE,https://www.dcceew.gov.au/sites/default/files/documents/national-risk-scores-h5-bird-flu-native-birds-mammals.pdf,not_started
318,antigone-antigone,Sarus Crane,Antigone antigone,bird,,,very_high,,,,,FALSE,,FALSE,,TRUE,https://www.dcceew.gov.au/sites/default/files/documents/national-risk-scores-h5-bird-flu-native-birds-mammals.pdf,not_started
319,antigone-antigone-gillae,Australian Sarus Crane,Antigone antigone gillae,bird,,,very_high,,,,,FALSE,,FALSE,,TRUE,https://www.dcceew.gov.au/sites/default/files/documents/national-risk-scores-h5-bird-flu-native-birds-mammals.pdf,not_started
320,corvus-orru-orru,Papuan Torresian Crow,Corvus orru orru,bird,,,high,,,,,FALSE,,FALSE,,TRUE,https://www.dcceew.gov.au/sites/default/files/documents/national-risk-scores-h5-bird-flu-native-birds-mammals.pdf,not_started
321,accipiter-fasciatus-dogwa,Papuan Brown Goshawk,Accipiter fasciatus dogwa,bird,,,high,,,,,FALSE,,FALSE,,TRUE,https://www.dcceew.gov.au/sites/default/files/documents/national-risk-scores-h5-bird-flu-native-birds-mammals.pdf,not_started
322,fregata-minor-minor,Great Frigatebird,Fregata minor minor,bird,,,very_high,,,,,FALSE,,FALSE,,TRUE,https://www.dcceew.gov.au/sites/default/files/documents/national-risk-scores-h5-bird-flu-native-birds-mammals.pdf,not_started
323,fregata-minor-palmerstoni,Great Frigatebird,Fregata minor palmerstoni,bird,,,very_high,,,,,FALSE,,FALSE,,TRUE,https://www.dcceew.gov.au/sites/default/files/documents/national-risk-scores-h5-bird-flu-native-birds-mammals.pdf,not_started
324,sula-leucogaster-plotus,Indo-Pacific Brown Booby,Sula leucogaster plotus,bird,,,very_high,,,,,FALSE,,FALSE,,TRUE,https://www.dcceew.gov.au/sites/default/files/documents/national-risk-scores-h5-bird-flu-native-birds-mammals.pdf,not_started
325,sula-dactylatra-bedouti,Masked Booby,Sula dactylatra bedouti,bird,,,very_high,,,,,FALSE,,FALSE,,TRUE,https://www.dcceew.gov.au/sites/default/files/documents/national-risk-scores-h5-bird-flu-native-birds-mammals.pdf,not_started
326,anous-tenuirostris,Lesser Noddy,Anous tenuirostris,bird,,,very_high,,,,,FALSE,,FALSE,,TRUE,https://www.dcceew.gov.au/sites/default/files/documents/national-risk-scores-h5-bird-flu-native-birds-mammals.pdf,not_started
327,sternula-albifrons-placens,South east Little Tern,Sternula albifrons placens,bird,,,very_high,,,,,FALSE,,FALSE,,TRUE,https://www.dcceew.gov.au/sites/default/files/documents/national-risk-scores-h5-bird-flu-native-birds-mammals.pdf,not_started
328,sternula-albifrons-sinensis,Western Pacific Little Tern,Sternula albifrons sinensis,bird,,,very_high,,,,,FALSE,,FALSE,,TRUE,https://www.dcceew.gov.au/sites/default/files/documents/national-risk-scores-h5-bird-flu-native-birds-mammals.pdf,not_started
329,larus-pacificus-pacificus,East Coast Pacific Gull,Larus pacificus pacificus,bird,,,very_high,,,,,FALSE,,FALSE,,TRUE,https://www.dcceew.gov.au/sites/default/files/documents/national-risk-scores-h5-bird-flu-native-birds-mammals.pdf,not_started
330,sterna-dougallii-bangsi,Asian Roseate Tern,Sterna dougallii bangsi,bird,,,very_high,,,,,FALSE,,FALSE,,TRUE,https://www.dcceew.gov.au/sites/default/files/documents/national-risk-scores-h5-bird-flu-native-birds-mammals.pdf,not_started
331,sterna-dougallii-gracilis,Australasian Roseate Tern,Sterna dougallii gracilis,bird,,,very_high,,,,,FALSE,,FALSE,,TRUE,https://www.dcceew.gov.au/sites/default/files/documents/national-risk-scores-h5-bird-flu-native-birds-mammals.pdf,not_started
332,onychoprion-fuscatus-nubilosa,Sooty Tern,Onychoprion fuscatus nubilosa,bird,,,very_high,,,,,FALSE,,FALSE,,TRUE,https://www.dcceew.gov.au/sites/default/files/documents/national-risk-scores-h5-bird-flu-native-birds-mammals.pdf,not_started
333,onychoprion-fuscatus-serrata,Sooty Tern,Onychoprion fuscatus serrata,bird,,,very_high,,,,,FALSE,,FALSE,,TRUE,https://www.dcceew.gov.au/sites/default/files/documents/national-risk-scores-h5-bird-flu-native-birds-mammals.pdf,not_started
334,gygis-alba,White Tern,Gygis alba,bird,,,high,,,,,FALSE,,FALSE,,TRUE,https://www.dcceew.gov.au/sites/default/files/documents/national-risk-scores-h5-bird-flu-native-birds-mammals.pdf,not_started
335,gygis-alba-candida,Indo-Pacific White Tern,Gygis alba candida,bird,,,high,,,,,FALSE,,FALSE,,TRUE,https://www.dcceew.gov.au/sites/default/files/documents/national-risk-scores-h5-bird-flu-native-birds-mammals.pdf,not_started
336,ardea-intermedia,Intermediate Egret,Ardea intermedia,bird,,,very_high,,,,,FALSE,,FALSE,,TRUE,https://www.dcceew.gov.au/sites/default/files/documents/national-risk-scores-h5-bird-flu-native-birds-mammals.pdf,not_started
337,ardea-intermedia-plumifera,Plumed Egret,Ardea intermedia plumifera,bird,,,very_high,,,,,FALSE,,FALSE,,TRUE,https://www.dcceew.gov.au/sites/default/files/documents/national-risk-scores-h5-bird-flu-native-birds-mammals.pdf,not_started
338,megapodius-reinwardt-reinwardt,Papuan Orange-footed Scrubfowl,Megapodius reinwardt reinwardt,bird,,,high,,,,,FALSE,,FALSE,,TRUE,https://www.dcceew.gov.au/sites/default/files/documents/national-risk-scores-h5-bird-flu-native-birds-mammals.pdf,not_started
339,eudyptula-minor-novaehollandiae,Australian Little Penguin,Eudyptula minor novaehollandiae,bird,,,very_high,,,,,FALSE,,FALSE,,TRUE,https://www.dcceew.gov.au/sites/default/files/documents/national-risk-scores-h5-bird-flu-native-birds-mammals.pdf,not_started
340,eudyptes-chrysolophus-chrysolophus,Macaroni Penguin,Eudyptes chrysolophus chrysolophus,bird,,,very_high,,,,,FALSE,,FALSE,,TRUE,https://www.dcceew.gov.au/sites/default/files/documents/national-risk-scores-h5-bird-flu-native-birds-mammals.pdf,not_started
341,chionis-minor,Black-faced Sheathbill,Chionis minor,bird,,,very_high,,,,,FALSE,,FALSE,,TRUE,https://www.dcceew.gov.au/sites/default/files/documents/national-risk-scores-h5-bird-flu-native-birds-mammals.pdf,not_started
342,chionis-minor-nasicornis,Heard Island Black-faced Sheathbill,Chionis minor nasicornis,bird,,,very_high,,,,,FALSE,,FALSE,,TRUE,https://www.dcceew.gov.au/sites/default/files/documents/national-risk-scores-h5-bird-flu-native-birds-mammals.pdf,not_started
343,pelagodroma-marina-dulciae,Australian White-faced Storm-Petrel,Pelagodroma marina dulciae,bird,,,very_high,,,,,FALSE,,FALSE,,TRUE,https://www.dcceew.gov.au/sites/default/files/documents/national-risk-scores-h5-bird-flu-native-birds-mammals.pdf,not_started
344,hydrurga-leptonyx,Leopard Seal,Hydrurga leptonyx,seal_sea_lion,,,extreme,,,,,FALSE,,FALSE,,TRUE,https://www.dcceew.gov.au/sites/default/files/documents/national-risk-scores-h5-bird-flu-native-birds-mammals.pdf,not_started
345,leptonychotes-weddellii,Weddell Seal,Leptonychotes weddellii,seal_sea_lion,,,very_high,,,,,FALSE,,FALSE,,TRUE,https://www.dcceew.gov.au/sites/default/files/documents/national-risk-scores-h5-bird-flu-native-birds-mammals.pdf,not_started
346,ommatophoca-rossii,Ross Seal,Ommatophoca rossii,seal_sea_lion,,,very_high,,,,,FALSE,,FALSE,,TRUE,https://www.dcceew.gov.au/sites/default/files/documents/national-risk-scores-h5-bird-flu-native-birds-mammals.pdf,not_started
347,arctocephalus-pusillus,Australian Fur Seal,Arctocephalus pusillus,seal_sea_lion,,,very_high,,,,,FALSE,,FALSE,,TRUE,https://www.dcceew.gov.au/sites/default/files/documents/national-risk-scores-h5-bird-flu-native-birds-mammals.pdf,not_started
348,mirounga-leonina,Southern Elephant Seal,Mirounga leonina,seal_sea_lion,,,very_high,,,,,FALSE,,FALSE,,TRUE,https://www.dcceew.gov.au/sites/default/files/documents/national-risk-scores-h5-bird-flu-native-birds-mammals.pdf,not_started
349,sterna-nereis,Fairy Tern,Sterna nereis,bird,,,very_high,,,,,FALSE,,FALSE,,TRUE,https://www.dcceew.gov.au/sites/default/files/documents/national-risk-scores-h5-bird-flu-native-birds-mammals.pdf,not_started
350,sterna-dougallii,Roseate Tern,Sterna dougallii,bird,,,very_high,,,,,FALSE,,FALSE,,TRUE,https://www.dcceew.gov.au/sites/default/files/documents/national-risk-scores-h5-bird-flu-native-birds-mammals.pdf,not_started
351,anous-minutus,Black Noddy,Anous minutus,bird,,,very_high,,,,,FALSE,,FALSE,,TRUE,https://www.dcceew.gov.au/sites/default/files/documents/national-risk-scores-h5-bird-flu-native-birds-mammals.pdf,not_started
352,anous-stolidus,Common Noddy,Anous stolidus,bird,,,very_high,,,,,FALSE,,FALSE,,TRUE,https://www.dcceew.gov.au/sites/default/files/documents/national-risk-scores-h5-bird-flu-native-birds-mammals.pdf,not_started
353,charadrius-mongolus,Lesser Sand Plover,Charadrius mongolus,bird,,,high,,,,,FALSE,,FALSE,,TRUE,https://www.dcceew.gov.au/sites/default/files/documents/national-risk-scores-h5-bird-flu-native-birds-mammals.pdf,not_started
354,phaethon-lepturus,White-tailed Tropicbird,Phaethon lepturus,bird,,,high,,,,,FALSE,,FALSE,,TRUE,https://www.dcceew.gov.au/sites/default/files/documents/national-risk-scores-h5-bird-flu-native-birds-mammals.pdf,not_started
355,sula-dactylatra,Masked Booby,Sula dactylatra,bird,,,very_high,,,,,FALSE,,FALSE,,TRUE,https://www.dcceew.gov.au/sites/default/files/documents/national-risk-scores-h5-bird-flu-native-birds-mammals.pdf,not_started
356,sula-leucogaster,Brown Booby,Sula leucogaster,bird,,,very_high,,,,,FALSE,,FALSE,,TRUE,https://www.dcceew.gov.au/sites/default/files/documents/national-risk-scores-h5-bird-flu-native-birds-mammals.pdf,not_started
357,oceanites-oceanicus,Wilson's Storm-Petrel,Oceanites oceanicus,bird,,,very_high,,,,,FALSE,,FALSE,,TRUE,https://www.dcceew.gov.au/sites/default/files/documents/national-risk-scores-h5-bird-flu-native-birds-mammals.pdf,not_started
358,pterodroma-solandri,Providence Petrel,Pterodroma solandri,bird,,,high,,,,,FALSE,,FALSE,,TRUE,https://www.dcceew.gov.au/sites/default/files/documents/national-risk-scores-h5-bird-flu-native-birds-mammals.pdf,not_started
359,pachyptila-crassirostris,Fulmar Prion,Pachyptila crassirostris,bird,,,high,,,,,FALSE,,FALSE,,TRUE,https://www.dcceew.gov.au/sites/default/files/documents/national-risk-scores-h5-bird-flu-native-birds-mammals.pdf,not_started
360,eudyptes-chrysocome,Southern Rockhopper Penguin,Eudyptes chrysocome,bird,,,very_high,,,,,FALSE,,FALSE,,TRUE,https://www.dcceew.gov.au/sites/default/files/documents/national-risk-scores-h5-bird-flu-native-birds-mammals.pdf,not_started
361,cereopsis-novaehollandiae-grisea,Recherche Cape Barren Goose,Cereopsis novaehollandiae grisea,bird,,,high,,,,,FALSE,,FALSE,,TRUE,https://www.dcceew.gov.au/sites/default/files/documents/national-risk-scores-h5-bird-flu-native-birds-mammals.pdf,not_started
362,strepera-graculina-crissalis,Lord Howe Pied Currawong,Strepera graculina crissalis,bird,,,high,,,,,FALSE,,FALSE,,TRUE,https://www.dcceew.gov.au/sites/default/files/documents/national-risk-scores-h5-bird-flu-native-birds-mammals.pdf,not_started
363,phaethon-lepturus-fulvus,Christmas Island White-tailed Tropicbird,Phaethon lepturus fulvus,bird,,,high,,,,,FALSE,,FALSE,,TRUE,https://www.dcceew.gov.au/sites/default/files/documents/national-risk-scores-h5-bird-flu-native-birds-mammals.pdf,not_started
364,tyto-novaehollandiae-melvillensis,Tiwi Islands Masked Owl,Tyto novaehollandiae melvillensis,bird,,,high,,,,,FALSE,,FALSE,,TRUE,https://www.dcceew.gov.au/sites/default/files/documents/national-risk-scores-h5-bird-flu-native-birds-mammals.pdf,not_started
365,sterna-vittata-bethunei,New Zealand Antarctic Tern,Sterna vittata bethunei,bird,,,high,,,,,FALSE,,FALSE,,TRUE,https://www.dcceew.gov.au/sites/default/files/documents/national-risk-scores-h5-bird-flu-native-birds-mammals.pdf,not_started
366,sterna-vittata-vittata,Indian Ocean Antarctic Tern,Sterna vittata vittata,bird,,,high,,,,,FALSE,,FALSE,,TRUE,https://www.dcceew.gov.au/sites/default/files/documents/national-risk-scores-h5-bird-flu-native-birds-mammals.pdf,not_started
367,accipiter-hiogaster-natalis,Christmas Island Goshawk,Accipiter hiogaster natalis,bird,,,high,,,,,FALSE,,FALSE,,TRUE,https://www.dcceew.gov.au/sites/default/files/documents/national-risk-scores-h5-bird-flu-native-birds-mammals.pdf,not_started
368,turnix-varius-scintillans,Houtman Abrolhos Painted Button-quail,Turnix varius scintillans,bird,,,high,,,,,FALSE,,FALSE,,TRUE,https://www.dcceew.gov.au/sites/default/files/documents/national-risk-scores-h5-bird-flu-native-birds-mammals.pdf,not_started
369,sterna-anaethetus,Bridled Tern,Sterna anaethetus,bird,,,very_high,,,,,FALSE,,FALSE,,TRUE,https://www.dcceew.gov.au/sites/default/files/documents/national-risk-scores-h5-bird-flu-native-birds-mammals.pdf,not_started
370,sterna-fuscata,Sooty Tern,Sterna fuscata,bird,,,very_high,,,,,FALSE,,FALSE,,TRUE,https://www.dcceew.gov.au/sites/default/files/documents/national-risk-scores-h5-bird-flu-native-birds-mammals.pdf,not_started
371,sterna-albifrons,Little Tern,Sterna albifrons,bird,,,very_high,,,,,FALSE,,FALSE,,TRUE,https://www.dcceew.gov.au/sites/default/files/documents/national-risk-scores-h5-bird-flu-native-birds-mammals.pdf,not_started
372,sternula-nereis-nereis,Australian Fairy Tern,Sternula nereis nereis,bird,,,very_high,,,,,FALSE,,FALSE,,TRUE,https://www.dcceew.gov.au/sites/default/files/documents/national-risk-scores-h5-bird-flu-native-birds-mammals.pdf,not_started
373,rostratula-benghalensis-sensu-lato,Australian Painted-Snipe,Rostratula benghalensis (sensu lato),bird,,,high,,,,,FALSE,,FALSE,,TRUE,https://www.dcceew.gov.au/sites/default/files/documents/national-risk-scores-h5-bird-flu-native-birds-mammals.pdf,not_started
374,tursiops-aduncus,Long-beaked Bottle-nosed Dolphin,Tursiops aduncus,mammal,,,high,,,,,FALSE,,FALSE,,TRUE,https://www.dcceew.gov.au/sites/default/files/documents/national-risk-scores-h5-bird-flu-native-birds-mammals.pdf,not_started